city-address,type,passability,area,Average of money,Average of profit,Average of our_clients,Count of Index
"г. Хабаровск, ул. Суворова, д. 25",1,58000,9700,4922750,0.005,0.14,8
"г. Владивосток, ул. Черемуховая, д. 15",3,67700,7300,3530071.43,0.005,0.13571428571428573,7
"г. Хабаровск, ул. Карла Маркса, д. 91",3,17900,500,76714.29,0.005,0.14857142857142858,7
"г. Хабаровск, ул. Суворова, д. 51",1,17700,4700,526870,0.003,0.04,6
"г. Владивосток, просп. 100-летия Владивостока, д. 40",1,61400,5300,2733528,0.006,0.18,5
"г. Владивосток, просп. 100-летия Владивостока, д. 68",0,8200,8100,531360,0.006,0.178,5
"г. Владивосток, ул. Крыгина, д. 23",1,36900,8500,2634660,0.006,0.182,5
"г. Хабаровск, ул. Трехгорная, д. 98",1,23500,7100,1668500,0.006,0.188,5
"г. Хабаровск, ул. Шелеста, д. 116а",3,59800,1300,746304,0.006,0.198,5
"г. Владивосток, просп. 100-летия Владивостока, д. 150в",1,30400,9800,2383360,0.007,0.2325,4
"г. Владивосток, просп. 100-летия Владивостока, д. 42а",4,88400,9000,3182400,0.003,0.0325,4
"г. Владивосток, просп. Океанский, д. 52а",0,200,700,1190,0.007,0.21750000000000003,4
"г. Владивосток, ул. Анны Щетининой, д. 21",1,71200,5900,3780720,0.007,0.21750000000000003,4
"г. Владивосток, ул. Героев Тихоокеанцев, д. 5а",4,42300,2400,761400,0.003,0.025,4
"г. Владивосток, ул. Луговая, д. 18",1,20500,200,18450,0.003,0.0225,4
"г. Владивосток, ул. Нейбута, д. 47",3,88700,5800,2572300,0.003,0.035,4
"г. Владивосток, ул. Ульяновская, д. 7",1,35500,700,198800,0.007,0.21500000000000002,4
"г. Хабаровск, ул. Ленинградская, д. 28",4,75800,1300,739050,0.003,0.05,4
"г. Хабаровск, ул. Муравьева-Амурского, д. 44",2,73500,9100,4013100,0.003,0.037500000000000006,4
"г. Хабаровск, ул. Шеронова, д. 92",4,19200,1400,295680,0.007,0.24000000000000002,4
"г. Владивосток, просп. 100-летия Владивостока, д. 57г",1,27000,8600,2631600,0.003,0.04,3
"г. Владивосток, просп. Красного Знамени, д. 57",3,62900,1800,1132200,0.009,0.28,3
"г. Владивосток, просп. Океанский, д. 111",2,65600,9300,3660480,0.003,0.03,3
"г. Владивосток, просп. Океанский, д. 17",0,51300,1200,410400,0.003,0.04666666666666667,3
"г. Владивосток, ул. Березовая, д. 25",0,5500,3700,149233.33,0.003,0.02,3
"г. Владивосток, ул. Борисенко, д. 35",2,86600,3000,1732000,0.003,0.03,3
"г. Владивосток, ул. Калинина, д. 275",3,83900,4000,2684800,0.003,0.04,3
"г. Владивосток, ул. Калинина, д. 275а",1,29300,8800,1203253.33,0.003,0.03,3
"г. Владивосток, ул. Маковского, д. 56а",4,88100,900,475740,0.003,0.03,3
"г. Владивосток, ул. Нейбута, д. 51",3,53400,6600,3524400,0.009,0.28,3
"г. Владивосток, ул. Новоивановская, д. 3",1,40600,600,146160,0.003,0.02666666666666667,3
"г. Владивосток, ул. Полетаева, д. 6д",4,41200,7400,2845546.67,0.009,0.2966666666666667,3
"г. Владивосток, ул. Русская, д. 2к",2,78800,900,661920,0.009,0.30333333333333334,3
"г. Владивосток, ул. Русская, д. 94а",3,2800,800,10453.33,0.003,0.02666666666666667,3
"г. Владивосток, ул. Светланская, д. 106",3,35800,8900,2548960,0.009,0.2866666666666667,3
"г. Владивосток, ул. Семеновская, д. 15",1,91100,4700,3996253.33,0.009,0.2966666666666667,3
"г. Владивосток, ул. Фонтанная, д. 40",1,9600,2400,184320,0.003,0.02,3
"г. Владивосток, ул. Черняховского, д. 5",2,73200,4200,2254560,0.009,0.2866666666666667,3
"г. Хабаровск, квартал ДОС (Большой Аэродром), д. 51",3,70500,900,423000,0.003,0.03666666666666667,3
"г. Хабаровск, ул. Вахова, д. 2",3,79400,7600,5632106.67,0.003,0.02666666666666667,3
"г. Хабаровск, ул. Гагарина, д. 9",2,78200,8000,5421866.67,0.003,0.06,3
"г. Хабаровск, ул. Ким Ю Чена, д. 44",1,99000,5700,4138200,0.009,0.2833333333333334,3
"г. Хабаровск, ул. Краснореченская, д. 44",3,84400,8300,4670133.33,0.003,0.036666666666666674,3
"г. Хабаровск, ул. Ленинградская, д. 28и",0,71600,4600,3074026.67,0.009,0.2966666666666667,3
"г. Хабаровск, ул. Льва Толстого, д. 19",4,62300,1200,747600,0.009,0.2833333333333334,3
"г. Хабаровск, ул. Суворова, д. 44",1,90900,1700,1236240,0.003,0.07666666666666667,3
"г. Хабаровск, ул. Тихоокеанская, д. 136",3,90900,200,181800,0.003,0.053333333333333344,3
"г. Хабаровск, ул. Тургенева, д. 46",0,31000,5800,1318533.33,0.009,0.28,3
"г. Владивосток, просп. 100-летия Владивостока, 40",3,15900,8400,2671200,0.005,0.06,2
"г. Владивосток, просп. 100-летия Владивостока, д. 150",2,81600,2900,2603040,0.003,0.025,2
"г. Владивосток, просп. 100-летия Владивостока, д. 159",3,37500,4300,967500,0.003,0.04,2
"г. Владивосток, просп. Красного Знамени, д. 82",3,50900,4400,895840,0.003,0.035,2
"г. Владивосток, просп. Красного Знамени, д. 86а",3,61500,2300,1131600,0.012,0.42000000000000004,2
"г. Владивосток, просп. Народный, д. 28",1,69400,1600,444160,0.003,0.02,2
"г. Владивосток, просп. Океанский, д. 131в",1,92600,3900,722280,0.003,0.015,2
"г. Владивосток, просп. Океанский, д. 48а",2,85200,3600,1840320,0.003,0.02,2
"г. Владивосток, просп. Острякова, д. 13",3,37500,9800,1470000,0.003,0.035,2
"г. Владивосток, просп. Партизанский, д. 19",3,46400,3400,946560,0.003,0.055,2
"г. Владивосток, ул. Калинина, 275",3,9500,1300,209950,0.005,0.08,2
"г. Владивосток, ул. Адмирала Юмашева, д. 19",0,10100,4800,290880,0.003,0.03,2
"г. Владивосток, ул. Адмирала Юмашева, д. 7 Б",1,88300,5800,3584980,0.012,0.41000000000000003,2
"г. Владивосток, ул. Алеутская, д. 11",2,9600,8600,412800,0.003,0.02,2
"г. Владивосток, ул. Баляева, д. 35",2,82500,2800,1386000,0.012,0.42500000000000004,2
"г. Владивосток, ул. Бестужева, д. 31",2,64300,3700,1427460,0.003,0.03,2
"г. Владивосток, ул. Борисенко, д. 42",3,50900,300,152700,0.003,0.03,2
"г. Владивосток, ул. Бородинская, д. 14",4,48300,9800,2840040,0.003,0.03,2
"г. Владивосток, ул. Бородинская, д. 14, стр. 6",2,68100,7100,3384570,0.012,0.41000000000000003,2
"г. Владивосток, ул. Волгоградская, д. 7а",1,27100,7300,1384810,0.003,0.035,2
"г. Владивосток, ул. Гоголя, д. 39а",3,38600,8700,1679100,0.003,0.03,2
"г. Владивосток, ул. Дальзаводская, д. 2",1,50800,8500,1727200,0.003,0.03,2
"г. Владивосток, ул. Деревенская, д. 14",2,47900,8800,4215200,0.003,0.02,2
"г. Владивосток, ул. Днепровская, д. 36",2,99200,4300,4265600,0.003,0.03,2
"г. Владивосток, ул. Ивановская, д. 4",4,73700,1800,1459260,0.003,0.025,2
"г. Владивосток, ул. Ильичева, д. 4",2,56100,1900,852720,0.012,0.42000000000000004,2
"г. Владивосток, ул. Калинина, д. 277",1,62200,7500,4198500,0.003,0.02,2
"г. Владивосток, ул. Ладыгина, д. 15а",1,44900,2000,628600,0.003,0.035,2
"г. Владивосток, ул. Луговая, д. 91",3,74300,2100,1560300,0.003,0.02,2
"г. Владивосток, ул. Некрасовская, д. 122",0,56500,5600,3164000,0.003,0.03,2
"г. Владивосток, ул. Петра Великого, д. 2",2,75000,9600,6480000,0.003,0.045000000000000005,2
"г. Владивосток, ул. Полетаева, д. 6",3,93400,5000,4670000,0.003,0.025,2
"г. Владивосток, ул. Русская, д. 19а",1,91900,6300,4052790,0.003,0.015,2
"г. Владивосток, ул. Русская, д. 44",0,37400,1900,355300,0.003,0.025,2
"г. Владивосток, ул. Русская, д. 87а",2,61900,3500,1733200,0.003,0.035,2
"г. Владивосток, ул. Русская, д. 9 Б",0,35900,7800,2240160,0.003,0.045000000000000005,2
"г. Владивосток, ул. Светланская, д. 112",2,16300,7800,1271400,0.003,0.02,2
"г. Владивосток, ул. Светланская, д. 13",1,19600,1200,282240,0.012,0.41000000000000003,2
"г. Владивосток, ул. Семеновская, д. 23",4,8000,6200,347200,0.003,0.02,2
"г. Владивосток, ул. Семеновская, д. 29",0,61900,8300,4623930,0.003,0.05500000000000001,2
"г. Владивосток, ул. Трамвайная, д. 14 Б",2,64900,9300,5432130,0.012,0.41500000000000004,2
"г. Владивосток, ул. Успенского, д. 58",4,74600,9800,7310800,0.003,0.02,2
"г. Владивосток, ул. Фадеева, д. 30 Б",3,39700,7900,1568150,0.003,0.03,2
"г. Владивосток, ул. Шуйская, д. 23а",2,93100,5900,3845030,0.003,0.035,2
"г. Хабаровск, бул. Уссурийский, д. 24",3,28500,9500,2166000,0.003,0.05,2
"г. Хабаровск, просп. 60-летия Октября, д. 156",3,66500,6700,5792150,0.003,0.045000000000000005,2
"г. Хабаровск, ул. Карла Маркса, 91",1,44000,300,224400,0.005,0.08,2
"г. Хабаровск, ул. Суворова, 25",3,29800,6800,3444880,0.005,0.08,2
"г. Хабаровск, ул. Воронежская, д. 47а",0,86100,2300,1782270,0.003,0.07500000000000001,2
"г. Хабаровск, ул. Дзержинского, д. 65",1,66700,900,180090,0.002,0.045000000000000005,2
"г. Хабаровск, ул. Дикопольцева, д. 26",1,31700,5800,1654740,0.003,0.045000000000000005,2
"г. Хабаровск, ул. Карла Маркса, д. 143а",3,82200,3900,1602900,0.003,0.03,2
"г. Хабаровск, ул. Карла Маркса, д. 59",4,19200,1900,401280,0.003,0.045000000000000005,2
"г. Хабаровск, ул. Карла Маркса, д. 68",3,45000,700,346500,0.012,0.43500000000000005,2
"г. Хабаровск, ул. Карла Маркса, д. 76",3,66700,8400,6163080,0.003,0.025,2
"г. Хабаровск, ул. Краснореченская, д. 69",2,75900,5400,2049300,0.003,0.03,2
"г. Хабаровск, ул. Краснореченская, д. 9",1,89300,8400,6751080,0.003,0.045000000000000005,2
"г. Хабаровск, ул. Краснореченская, д. 92",2,11900,8600,921060,0.003,0.045000000000000005,2
"г. Хабаровск, ул. Ленина, д. 49",4,75300,4500,2371950,0.002,0.045000000000000005,2
"г. Хабаровск, ул. Ленинградская, д. 51",2,94700,300,113640,0.003,0.07,2
"г. Хабаровск, ул. Морозова, д. 58",0,49500,9400,5118300,0.003,0.025,2
"г. Хабаровск, ул. Муравьева-Амурского, д. 18",1,72900,1600,1632960,0.003,0.02,2
"г. Хабаровск, ул. Окружная, д. 13а",4,94200,2600,3183960,0.003,0.045000000000000005,2
"г. Хабаровск, ул. Пионерская, д. 10а",2,12700,8600,1092200,0.003,0.05,2
"г. Хабаровск, ул. Пушкина, д. 42",1,25500,8400,1927800,0.003,0.045000000000000005,2
"г. Хабаровск, ул. Руднева, д. 56",3,4100,2600,95940,0.003,0.045000000000000005,2
"г. Хабаровск, ул. Серышева, д. 47",4,49100,5300,2342070,0.003,0.045000000000000005,2
"г. Хабаровск, ул. Серышева, д. 52",3,11200,3700,248640,0.003,0.04,2
"г. Хабаровск, ул. Серышева, д. 60",3,31200,3000,936000,0.003,0.05,2
"г. Хабаровск, ул. Стрельникова, д. 10а",2,26100,3500,913500,0.003,0.05,2
"г. Хабаровск, ул. Тихоокеанская, д. 201в",4,79400,6000,2858400,0.003,0.02,2
"г. Хабаровск, ул. Узловая, д. 15а",2,71500,7000,5505500,0.003,0.025,2
"г. Хабаровск, ул. Ульяновская, д. 160",1,71000,1500,958500,0.003,0.045000000000000005,2
"г. Хабаровск, ул. Шкотова, д. 15а",3,78900,1100,1128270,0.003,0.045000000000000005,2
"г. Хабаровск, ш. Восточное, д. 41",1,10700,9500,1016500,0.003,0.025,2
"г. Владивосток, 44-й причал, д. 1",2,12300,7200,354240,0.003,0.02,1
"г. Владивосток, 8-я улица, д. 35",2,25300,1400,212520,0.003,0.02,1
"г. Владивосток, Артековская ул., 10",1,78500,5400,5934600,0.004,0.1,1
"г. Владивосток, бух. Якорная, д. 7",4,41300,3700,916860,0.003,0.02,1
"г. Владивосток, Луговая ул., 91",1,38600,5400,2918160,0.004,0.1,1
"г. Владивосток, наб. Корабельная, д. 4",1,900,9900,89100,0.02,0.8,1
"г. Владивосток, Окатовая ул., 28",0,50700,9000,6388200,0.004,0.1,1
"г. Владивосток, Океанский пр-кт, 52А",4,24600,8300,2858520,0.004,0.1,1
"г. Владивосток, Океанский пр-кт, 98А",2,11700,5400,884520,0.004,0.1,1
"г. Владивосток, пер. Камский, д. 6",1,66000,6100,4026000,0.02,0.8,1
"г. Владивосток, пер. Краснознаменный, д. 5в",1,77200,2900,447760,0.003,0.03,1
"г. Владивосток, пер. Павленко, д. 6",0,31400,3800,715920,0.003,0.02,1
"г. Владивосток, пр-кт 100 лет Владивостоку, 40",2,7500,4700,493500,0.004,0.1,1
"г. Владивосток, пр-кт Красного Знамени, 57",4,34300,1400,672280,0.004,0.1,1
"г. Владивосток, просп. 100-лет Владивостока, д. 57г",1,6700,2500,67000,0.003,0.02,1
"г. Владивосток, просп. 100-летия Владивостока 52 В",2,23400,2600,1216800,0.005,0.06,1
"г. Владивосток, просп. 100-летия Владивостока 68",3,8000,5100,816000,0.005,0.06,1
"г. Владивосток, просп. 100-летия Владивостока, 150, стр. В",2,97800,8700,17017200,0.005,0.06,1
"г. Владивосток, просп. 100-летия Владивостока, 155",4,8300,2000,232400,0.004,0.1,1
"г. Владивосток, просп. 100-летия Владивостока, 51",3,67900,3500,3327100,0.004,0.1,1
"г. Владивосток, просп. 100-летия Владивостока, 64",3,88600,100,177200,0.005,0.06,1
"г. Владивосток, просп. 100-летия Владивостока, д. 106 Б",4,90500,3800,6878000,0.005,0.06,1
"г. Владивосток, просп. 100-летия Владивостока, д. 150в",0,74300,9200,13671200,0.005,0.06,1
"г. Владивосток, просп. 100-летия Владивостока, д. 155",3,37500,3700,2775000,0.005,0.06,1
"г. Владивосток, просп. 100-летия Владивостока, д. 52в",3,51600,100,103200,0.005,0.06,1
"г. Владивосток, просп. 100-летия Владивостока, д. 57г",4,95000,3800,7220000,0.005,0.06,1
"г. Владивосток, просп. 100-летия Владивостока, д. 103",1,11300,5400,122040,0.003,0.05,1
"г. Владивосток, просп. 100-летия Владивостока, д. 124а",1,71600,3400,1460640,0.003,0.04,1
"г. Владивосток, просп. 100-летия Владивостока, д. 143г",0,26300,2000,210400,0.003,0.02,1
"г. Владивосток, просп. 100-летия Владивостока, д. 155",3,17900,9200,329360,0.003,0.02,1
"г. Владивосток, просп. 100-летия Владивостока, д. 36",1,63600,5100,2594880,0.003,0.01,1
"г. Владивосток, просп. 100-летия Владивостока, д. 37а",2,51100,4100,1676080,0.003,0.03,1
"г. Владивосток, просп. 100-летия Владивостока, д. 38",2,71900,1300,186940,0.001,0.02,1
"г. Владивосток, просп. 100-летия Владивостока, д. 39",3,75700,3800,1725960,0.003,0.03,1
"г. Владивосток, просп. 100-летия Владивостока, д. 45",4,68900,1300,537420,0.003,0.08,1
"г. Владивосток, просп. 100-летия Владивостока, д. 46",1,71700,6600,1892880,0.003,0.02,1
"г. Владивосток, просп. 100-летия Владивостока, д. 47",1,58700,4000,469600,0.003,0.02,1
"г. Владивосток, просп. 100-летия Владивостока, д. 52",3,99800,2500,1497000,0.003,0.03,1
"г. Владивосток, просп. 100-летия Владивостока, д. 54",4,37500,1600,360000,0.003,0.08,1
"г. Владивосток, просп. 100-летия Владивостока, д. 57д",1,77100,4400,1356960,0.003,0.07,1
"г. Владивосток, просп. 100-летия Владивостока, д. 88",1,98600,5200,1025440,0.003,0.01,1
"г. Владивосток, просп. Красного Знамени, 57",3,51100,400,408800,0.005,0.06,1
"г. Владивосток, просп. Красного Знамени, 59",0,68200,100,136400,0.005,0.06,1
"г. Владивосток, просп. Красного Знамени, д. 86а",0,42700,1800,1537200,0.005,0.06,1
"г. Владивосток, просп. Красного Знамени, д. 121",2,78600,1200,377280,0.003,0.02,1
"г. Владивосток, просп. Красного Знамени, д. 123д",3,68100,6600,2696760,0.003,0.04,1
"г. Владивосток, просп. Красного Знамени, д. 78",1,80200,9600,1539840,0.003,0.02,1
"г. Владивосток, просп. Красного Знамени, д. 91",0,6400,3100,158720,0.003,0.03,1
"г. Владивосток, просп. Народный, 17",3,87500,2400,4200000,0.005,0.06,1
"г. Владивосток, просп. Народный, 28",1,5800,2100,243600,0.005,0.06,1
"г. Владивосток, просп. Народный, д. 19",1,7400,6300,279720,0.003,0.03,1
"г. Владивосток, просп. Народный, д. 20",1,99900,7100,1418580,0.003,0.02,1
"г. Владивосток, просп. Народный, д. 28, стр. 4",1,21000,3900,819000,0.02,0.8,1
"г. Владивосток, просп. Народный, д. 43/2",3,40100,4500,1082700,0.003,0.04,1
"г. Владивосток, просп. Народный, д. 9, стр. 6",2,90000,7300,3942000,0.003,0.02,1
"г. Владивосток, просп. Океанский, 110 А",1,41700,9900,8256600,0.005,0.06,1
"г. Владивосток, просп. Океанский, 17",4,18500,8100,2997000,0.005,0.06,1
"г. Владивосток, просп. Океанский, 18",1,4200,8800,739200,0.005,0.06,1
"г. Владивосток, просп. Океанский, д. 110а",0,45100,6200,5592400,0.005,0.06,1
"г. Владивосток, просп. Океанский, д. 52 А",2,96200,3900,7503600,0.005,0.06,1
"г. Владивосток, просп. Океанский, д. 52а",4,12800,7300,1868800,0.005,0.06,1
"г. Владивосток, просп. Океанский, д. 1",2,87600,5900,3101040,0.003,0.03,1
"г. Владивосток, просп. Океанский, д. 108",4,16700,6200,1035400,0.02,0.8,1
"г. Владивосток, просп. Океанский, д. 12",3,17700,5900,626580,0.003,0.02,1
"г. Владивосток, просп. Океанский, д. 123 Б",3,39100,8500,3988200,0.003,0.07,1
"г. Владивосток, просп. Океанский, д. 138",1,99000,1100,653400,0.003,0.03,1
"г. Владивосток, просп. Океанский, д. 13а",2,80500,2100,676200,0.003,0.01,1
"г. Владивосток, просп. Океанский, д. 16",3,21200,800,67840,0.003,0.02,1
"г. Владивосток, просп. Океанский, д. 20",3,15700,1400,87920,0.003,0.02,1
"г. Владивосток, просп. Океанский, д. 24",3,74400,700,104160,0.003,0.01,1
"г. Владивосток, просп. Океанский, д. 26, стр. 1",0,68000,7000,2856000,0.003,0.08,1
"г. Владивосток, просп. Океанский, д. 34",1,88300,5100,2701980,0.003,0.03,1
"г. Владивосток, просп. Океанский, д. 98",2,30800,900,166320,0.003,0.04,1
"г. Владивосток, просп. Океанский, д. 98а",1,92700,4000,5191200,0.003,0.02,1
"г. Владивосток, просп. Острякова, 13",2,78600,4800,7545600,0.005,0.06,1
"г. Владивосток, просп. Острякова, 5, стр. Г",3,96300,8200,15793200,0.005,0.06,1
"г. Владивосток, просп. Острякова, д. 5г",0,87300,800,1396800,0.005,0.06,1
"г. Владивосток, просп. Острякова, д. 11",0,74800,4100,613360,0.003,0.05,1
"г. Владивосток, просп. Острякова, д. 2 Б",1,400,6200,14880,0.003,0.04,1
"г. Владивосток, просп. Острякова, д. 24",0,2700,8600,92880,0.003,0.03,1
"г. Владивосток, просп. Острякова, д. 27",2,45500,9100,3312400,0.003,0.03,1
"г. Владивосток, просп. Острякова, д. 8",2,18900,6800,1799280,0.003,0.02,1
"г. Владивосток, просп. Острякова, д. 9",4,38700,9000,2786400,0.003,0.01,1
"г. Владивосток, просп. Партизанский, д. 44",3,30200,1700,205360,0.003,0.02,1
"г. Владивосток, Русская ул., 19В",2,50000,900,630000,0.004,0.1,1
"г. Владивосток, Семеновская ул., 26",4,3400,200,9520,0.004,0.1,1
"г. Владивосток, ул. Адмирала Юмашева, д. 7, стр. Б",1,15200,2000,608000,0.005,0.06,1
"г. Владивосток, ул. Анны Щетининой, 21",3,21600,4500,1944000,0.005,0.06,1
"г. Владивосток, ул. Баляева, 35",3,48100,6100,5868200,0.005,0.06,1
"г. Владивосток, ул. Березовая, д. 25, стр. 2",1,40400,1500,1212000,0.005,0.06,1
"г. Владивосток, ул. Бестужева, 31",2,33100,1200,556080,0.004,0.1,1
"г. Владивосток, ул. Борисенко, 16",3,92100,9400,17314800,0.005,0.06,1
"г. Владивосток, ул. Бородинская, 14",3,23600,7100,3351200,0.005,0.06,1
"г. Владивосток, ул. Верхнепортовая, д. 2а",4,84900,9300,15791400,0.005,0.06,1
"г. Владивосток, ул. Верхнепортовая, д. 50а",4,78700,6500,10231000,0.005,0.06,1
"г. Владивосток, ул. Вилкова, д. 9",0,85900,7200,12369600,0.005,0.06,1
"г. Владивосток, ул. Волгоградская, 19, корп. А",3,17400,4600,1600800,0.005,0.06,1
"г. Владивосток, ул. Волгоградская, д. 19а",4,51700,6000,6204000,0.005,0.06,1
"г. Владивосток, ул. Героев Тихоокеанцев, д. 1",1,59800,100,119600,0.005,0.06,1
"г. Владивосток, ул. Героев Тихоокеанцев, д. 5а",3,21000,2700,1134000,0.005,0.06,1
"г. Владивосток, ул. Героев Хасана, 4",3,13000,3000,780000,0.005,0.06,1
"г. Владивосток, ул. Гоголя, 41",4,49100,5100,5008200,0.005,0.06,1
"г. Владивосток, ул. Давыдова, 18",0,99800,6800,13572800,0.005,0.06,1
"г. Владивосток, ул. Добровольского, 5",0,37200,3200,2380800,0.005,0.06,1
"г. Владивосток, ул. Жигура, 26",3,61600,1700,2094400,0.005,0.06,1
"г. Владивосток, ул. Жигура, 46",4,47700,3300,3148200,0.005,0.06,1
"г. Владивосток, ул. Зои Космодемьянской, 7",3,72000,1900,2736000,0.005,0.06,1
"г. Владивосток, ул. Ильичева, 16",4,25900,5300,2745400,0.005,0.06,1
"г. Владивосток, ул. Ильичева, д. 11а",1,81000,8000,12960000,0.005,0.06,1
"г. Владивосток, ул. Калинина, 20",1,24900,2800,1394400,0.005,0.06,1
"г. Владивосток, ул. Калинина, 277",3,58100,8600,9993200,0.005,0.06,1
"г. Владивосток, ул. Калинина, 29",2,12300,3800,934800,0.005,0.06,1
"г. Владивосток, ул. Калинина, д. 275а",1,52500,9700,10185000,0.005,0.06,1
"г. Владивосток, ул. Кирова, д. 21в",2,44100,9800,8643600,0.005,0.06,1
"г. Владивосток, ул. Ладыгина, 15",1,44500,9900,8811000,0.005,0.06,1
"г. Владивосток, ул. Лермонтова, д. 75",2,97200,9100,17690400,0.005,0.06,1
"г. Владивосток, ул. Луговая 91",2,72800,1400,2038400,0.005,0.06,1
"г. Владивосток, ул. Луговая, 21",2,20300,6500,2639000,0.005,0.06,1
"г. Владивосток, ул. Луговая, 69",3,29200,9900,5781600,0.005,0.06,1
"г. Владивосток, ул. Луговая, 89, стр. А",3,61900,7600,9408800,0.005,0.06,1
"г. Владивосток, ул. Луговая, д. 89а",3,70400,7500,10560000,0.005,0.06,1
"г. Владивосток, ул. Магнитогорская, 16",2,21800,2600,1133600,0.005,0.06,1
"г. Владивосток, ул. Магнитогорская, д. 11а",3,77000,6900,10626000,0.005,0.06,1
"г. Владивосток, ул. Маковского, 121",3,34900,5800,4048400,0.005,0.06,1
"г. Владивосток, ул. Маковского, 85",1,59500,9700,11543000,0.005,0.06,1
"г. Владивосток, ул. Мордовцева, 3",4,77800,8600,13381600,0.005,0.06,1
"г. Владивосток, ул. Муравьева-Амурского, д. 1, стр. Б",2,94600,2800,5297600,0.005,0.06,1
"г. Владивосток, ул. Набережная, 3",3,31800,1300,826800,0.005,0.06,1
"г. Владивосток, ул. Нейбута, 31",1,80600,7400,11928800,0.005,0.06,1
"г. Владивосток, ул. Нейбута, 47",2,86600,3300,4000920,0.004,0.1,1
"г. Владивосток, ул. Нейбута, 53 стр. а",3,82400,5100,8404800,0.005,0.06,1
"г. Владивосток, ул. Нейбута, д. 47а",0,78800,6500,10244000,0.005,0.06,1
"г. Владивосток, ул. Некрасовская, 94",3,45200,100,90400,0.005,0.06,1
"г. Владивосток, ул. Нижнепортовая, 1",2,96500,9900,19107000,0.005,0.06,1
"г. Владивосток, ул. Окатовая, 28",2,68500,9400,12878000,0.005,0.06,1
"г. Владивосток, ул. Олега Кошевого, д. 1 Б",2,49500,8800,8712000,0.005,0.06,1
"г. Владивосток, ул. Пихтовая, 4",0,22300,2900,1293400,0.005,0.06,1
"г. Владивосток, ул. Полетаева, д. 6",2,21700,4400,1909600,0.005,0.06,1
"г. Владивосток, ул. Посьетская, 14",1,51500,9400,9682000,0.005,0.06,1
"г. Владивосток, ул. Прапорщика Комарова, 36",1,43400,9100,7898800,0.005,0.06,1
"г. Владивосток, ул. Русская, 16",1,65000,1500,1950000,0.005,0.06,1
"г. Владивосток, ул. Русская, 66",4,46200,2600,2402400,0.005,0.06,1
"г. Владивосток, ул. Русская, д. 19в",1,87300,5000,8730000,0.005,0.06,1
"г. Владивосток, ул. Русская, д. 2а",4,87500,5000,8750000,0.005,0.06,1
"г. Владивосток, ул. Русская, д. 4",1,98800,4700,9287200,0.005,0.06,1
"г. Владивосток, ул. Русская, д. 46, стр. Б",3,97100,4900,9515800,0.005,0.06,1
"г. Владивосток, ул. Русская, д. 74 А",4,54100,8300,8980600,0.005,0.06,1
"г. Владивосток, ул. Русская, д. 74а",4,84700,7300,12366200,0.005,0.06,1
"г. Владивосток, ул. Русская, д. 87а",3,79800,1400,2234400,0.005,0.06,1
"г. Владивосток, ул. Сахалинская, 42",3,3500,6500,455000,0.005,0.06,1
"г. Владивосток, ул. Светланская 57",3,91800,6900,12668400,0.005,0.06,1
"г. Владивосток, ул. Светланская, 106",1,24100,7500,3615000,0.005,0.06,1
"г. Владивосток, ул. Светланская, 143",3,70700,1300,1838200,0.005,0.06,1
"г. Владивосток, ул. Светланская, 189",1,4100,9200,754400,0.005,0.06,1
"г. Владивосток, ул. Светланская, 22",3,53500,7600,8132000,0.005,0.06,1
"г. Владивосток, ул. Светланская, 29",1,50200,3900,3915600,0.005,0.06,1
"г. Владивосток, ул. Светланская, 31",2,56700,3800,4309200,0.005,0.06,1
"г. Владивосток, ул. Светланская, 71",0,74200,4600,6826400,0.005,0.06,1
"г. Владивосток, ул. Семеновская, 15",3,31600,8100,5119200,0.005,0.06,1
"г. Владивосток, ул. Спортивная, 5",2,65300,7400,9664400,0.005,0.06,1
"г. Владивосток, ул. Станюковича, 49, корп. А",3,57700,9400,10847600,0.005,0.06,1
"г. Владивосток, ул. Станюковича, д. 49а",0,62000,5500,6820000,0.005,0.06,1
"г. Владивосток, ул. Стрельникова, 9",2,80000,1500,2400000,0.005,0.06,1
"г. Владивосток, ул. Тимирязева, 31",3,16100,8500,2737000,0.005,0.06,1
"г. Владивосток, ул. Трамвайная, 16",2,88200,2800,4939200,0.005,0.06,1
"г. Владивосток, ул. Тухачевского, 53",1,90300,3800,6862800,0.005,0.06,1
"г. Владивосток, ул. Уборевича, 6",3,23600,4000,1888000,0.005,0.06,1
"г. Владивосток, ул. Фадеева, 1",1,69800,3700,5165200,0.005,0.06,1
"г. Владивосток, ул. Фадеева, 30Б",1,36200,5300,2686040,0.004,0.1,1
"г. Владивосток, ул. Фадеева, д. 30 Б",2,53600,4600,4931200,0.005,0.06,1
"г. Владивосток, ул. Фокина, 19",0,10900,4900,747740,0.004,0.1,1
"г. Владивосток, ул. Фонтанная, 18",2,68200,6500,8866000,0.005,0.06,1
"г. Владивосток, ул. Черемуховая 15",4,55000,6900,7590000,0.005,0.06,1
"г. Владивосток, ул. Черемуховая, 6",3,72200,600,866400,0.005,0.06,1
"г. Владивосток, ул. Черемуховая, 7",3,84100,2300,3868600,0.005,0.06,1
"г. Владивосток, ул. Шилкинская, д. 10а",0,65500,4300,5633000,0.005,0.06,1
"г. Владивосток, ул. Шилкинская, д. 42",2,51400,3300,3392400,0.005,0.06,1
"г. Владивосток, ул. Шуйская, д. 23а",4,12600,9900,2494800,0.005,0.06,1
"г. Владивосток, ул. 1-я Морская, д. 2",3,74300,5400,1604880,0.003,0.02,1
"г. Владивосток, ул. 1-я Морская, д. 8",2,27700,9000,1495800,0.003,0.04,1
"г. Владивосток, ул. 2-я Шоссейная, д. 1",2,98800,6000,3556800,0.003,0.02,1
"г. Владивосток, ул. 3-я Шоссейная, д. 21",4,88300,1300,229580,0.003,0.01,1
"г. Владивосток, ул. 40 лет ВЛКСМ, д. 14",2,46700,5500,1541100,0.003,0.08,1
"г. Владивосток, ул. 5-я Проходная, д. 15",2,89400,500,268200,0.003,0.02,1
"г. Владивосток, ул. Авроровская, д. 10",4,7000,8100,340200,0.003,0.04,1
"г. Владивосток, ул. Адмирала Фокина, д. 20",3,900,2400,8640,0.003,0.03,1
"г. Владивосток, ул. Адмирала Фокина, д. 25",1,35600,9400,669280,0.003,0.02,1
"г. Владивосток, ул. Адмирала Фокина, д. 4",4,32900,9200,1816080,0.003,0.04,1
"г. Владивосток, ул. Адмирала Юмашева, д. 4",2,75600,3900,1769040,0.003,0.03,1
"г. Владивосток, ул. Алеутская, д. 14",0,37600,8800,661760,0.003,0.02,1
"г. Владивосток, ул. Алеутская, д. 15",4,20400,9200,2627520,0.003,0.02,1
"г. Владивосток, ул. Алеутская, д. 2",3,68400,9300,8905680,0.003,0.02,1
"г. Владивосток, ул. Алеутская, д. 28",1,82100,3700,1822620,0.003,0.08,1
"г. Владивосток, ул. Алеутская, д. 4",3,97800,2000,2738400,0.003,0.02,1
"г. Владивосток, ул. Алеутская, д. 57",2,97400,4000,2337600,0.003,0.04,1
"г. Владивосток, ул. Амурская, д. 88",3,79800,3300,3686760,0.003,0.02,1
"г. Владивосток, ул. Балтийская, 43",3,20000,6100,2440000,0.005,0.06,1
"г. Владивосток, ул. Баляева, д. 62",2,64500,5000,1935000,0.003,0.04,1
"г. Владивосток, ул. Бестужева, д. 23",0,21300,2400,306720,0.003,0.08,1
"г. Владивосток, ул. Борисенко, 35",3,72000,9600,13824000,0.005,0.06,1
"г. Владивосток, ул. Борисенко, 42",1,24600,7100,3493200,0.005,0.06,1
"г. Владивосток, ул. Борисенко, д. 21",1,89600,900,322560,0.003,0.03,1
"г. Владивосток, ул. Борисенко, д. 25",0,6200,2600,64480,0.003,0.02,1
"г. Владивосток, ул. Борисенко, д. 27",1,45900,3100,853740,0.003,0.02,1
"г. Владивосток, ул. Борисенко, д. 32",1,63600,1500,763200,0.003,0.01,1
"г. Владивосток, ул. Борисенко, д. 9",3,6800,4500,61200,0.003,0.02,1
"г. Владивосток, ул. Бородинская, д. 46/50",3,50100,9000,2705400,0.003,0.04,1
"г. Владивосток, ул. Верхнепортовая, д. 1",3,34800,8900,4336080,0.003,0.02,1
"г. Владивосток, ул. Верхнепортовая, д. 27а",3,12600,7600,574560,0.003,0.02,1
"г. Владивосток, ул. Верхнепортовая, д. 2г",2,12700,2100,213360,0.003,0.03,1
"г. Владивосток, ул. Верхнепортовая, д. 38",3,22800,700,191520,0.003,0.07,1
"г. Владивосток, ул. Верхнепортовая, д. 46",1,58300,6100,4978820,0.003,0.02,1
"г. Владивосток, ул. Верхнепортовая, д. 76",0,23800,5300,756840,0.003,0.04,1
"г. Владивосток, ул. Вилкова, 5",2,15300,6000,1836000,0.005,0.06,1
"г. Владивосток, ул. Вилкова, д. 3",4,55000,2400,792000,0.003,0.08,1
"г. Владивосток, ул. Вилкова, д. 5",3,66300,5600,2227680,0.003,0.02,1
"г. Владивосток, ул. Волгоградская, 20",1,67100,8300,11138600,0.005,0.06,1
"г. Владивосток, ул. Героев Варяга, д. 12",1,3100,700,13020,0.003,0.04,1
"г. Владивосток, ул. Героев Хасана, д. 4",3,92300,8300,4596540,0.003,0.08,1
"г. Владивосток, ул. Героев-Тихоокеанцев, д. 1",1,91200,2100,1915200,0.02,0.8,1
"г. Владивосток, ул. Дальзаводская, 2",1,25300,100,50600,0.005,0.06,1
"г. Владивосток, ул. Дальзаводская, д. 1",4,24600,4000,196800,0.003,0.01,1
"г. Владивосток, ул. Дальзаводская, д. 4",1,58200,8400,2933280,0.003,0.02,1
"г. Владивосток, ул. Деревенская, 14",4,44300,5800,5138800,0.005,0.06,1
"г. Владивосток, ул. Добровольского, д. 31",2,68000,4800,1958400,0.003,0.04,1
"г. Владивосток, ул. Жигура, д. 26",4,74600,7300,1089160,0.001,0.02,1
"г. Владивосток, ул. Жигура, д. 32",3,93800,8700,4896360,0.003,0.02,1
"г. Владивосток, ул. Зои Космодемьянской, д. 16",4,10800,7100,460080,0.003,0.04,1
"г. Владивосток, ул. Зои Космодемьянской, д. 5",1,7900,3200,101120,0.003,0.02,1
"г. Владивосток, ул. Зои Космодемьянской, д. 7",4,36900,1400,413280,0.003,0.03,1
"г. Владивосток, ул. Ильичева, 4",3,55600,1800,2001600,0.005,0.06,1
"г. Владивосток, ул. Калинина, д. 23",4,63700,5000,1911000,0.003,0.04,1
"г. Владивосток, ул. Калинина, д. 230",3,23900,8300,1190220,0.003,0.02,1
"г. Владивосток, ул. Калинина, д. 275 Б",1,49000,4300,2107000,0.02,0.8,1
"г. Владивосток, ул. Калинина, д. 275, корп. 19",0,1000,9400,18800,0.001,0.02,1
"г. Владивосток, ул. Калинина, д. 281",1,28900,5300,1225360,0.003,0.01,1
"г. Владивосток, ул. Калинина, д. 42",2,19100,7200,825120,0.003,0.04,1
"г. Владивосток, ул. Капитана Шефнера, д. 2",4,54600,5300,3472560,0.003,0.07,1
"г. Владивосток, ул. Каплунова, д. 1",2,70300,2300,970140,0.003,0.08,1
"г. Владивосток, ул. Каплунова, д. 7",0,69100,5100,4228920,0.003,0.07,1
"г. Владивосток, ул. Карла Жигура, д. 26",3,70000,4200,588000,0.003,0.05,1
"г. Владивосток, ул. Кипарисовая, д. 18",3,16100,9100,879060,0.003,0.02,1
"г. Владивосток, ул. Кирова, д. 23",3,16100,5300,341320,0.003,0.02,1
"г. Владивосток, ул. Кирова, д. 9",3,55700,4000,1336800,0.003,0.04,1
"г. Владивосток, ул. Крыгина 16",3,54800,3800,4164800,0.005,0.06,1
"г. Владивосток, ул. Крыгина, 23",2,16700,9400,3139600,0.005,0.06,1
"г. Владивосток, ул. Крыгина, д. 3",1,35600,9900,1409760,0.003,0.02,1
"г. Владивосток, ул. Лазурная, 19",4,23600,4100,1935200,0.005,0.06,1
"г. Владивосток, ул. Маковского, д. 224",3,92700,9400,5228280,0.003,0.02,1
"г. Владивосток, ул. Маковского, д. 284",0,69900,1800,754920,0.003,0.04,1
"г. Владивосток, ул. Мордовцева, д. 6",1,12600,2900,292320,0.003,0.03,1
"г. Владивосток, ул. Морозова, д. 7а",2,95500,3300,4412100,0.003,0.02,1
"г. Владивосток, ул. Набережная, д. 10",2,81300,8200,9333240,0.003,0.02,1
"г. Владивосток, ул. Набережная, д. 20",4,98700,3000,1776600,0.003,0.02,1
"г. Владивосток, ул. Нейбута, 51",2,72800,8400,12230400,0.005,0.06,1
"г. Владивосток, ул. Нейбута, д. 31",1,100,8700,1740,0.003,0.05,1
"г. Владивосток, ул. Некрасовская, 76",4,16100,4100,1320200,0.005,0.06,1
"г. Владивосток, ул. Некрасовская, д. 29",2,88200,400,211680,0.003,0.02,1
"г. Владивосток, ул. Некрасовская, д. 59",0,54100,6900,1493160,0.003,0.03,1
"г. Владивосток, ул. Некрасовская, д. 72",3,73500,9500,4189500,0.003,0.08,1
"г. Владивосток, ул. Некрасовская, д. 76",1,88800,6700,3569760,0.003,0.08,1
"г. Владивосток, ул. Некрасовская, д. 98",3,81900,3000,1965600,0.003,0.03,1
"г. Владивосток, ул. Нижнепортовая, д. 1",1,61700,5000,1234000,0.003,0.02,1
"г. Владивосток, ул. Новожилова, д. 19",2,51600,7700,1589280,0.003,0.02,1
"г. Владивосток, ул. Окатовая, д. 12а",4,18700,4500,504900,0.003,0.04,1
"г. Владивосток, ул. Окатовая, д. 28",2,13900,7100,789520,0.003,0.03,1
"г. Владивосток, ул. Олега Кошевого, д. 1в",0,45300,3900,1766700,0.02,0.8,1
"г. Владивосток, ул. Олега Кошевого, д. 29",2,91700,6000,3301200,0.003,0.03,1
"г. Владивосток, ул. Пальчевского, д. 17",2,15500,3700,344100,0.003,0.04,1
"г. Владивосток, ул. Пионерская, 1",2,97300,4300,8367800,0.005,0.06,1
"г. Владивосток, ул. Полетаева 6 Д",4,72000,800,1152000,0.005,0.06,1
"г. Владивосток, ул. Посьетская, д. 14",3,92900,7900,4403460,0.003,0.04,1
"г. Владивосток, ул. Посьетская, д. 20",3,59900,3000,1078200,0.003,0.02,1
"г. Владивосток, ул. Посьетская, д. 21",4,48000,9500,912000,0.003,0.01,1
"г. Владивосток, ул. Радио, 5",1,48900,7600,7432800,0.005,0.06,1
"г. Владивосток, ул. Русская, д. 16",2,82900,3300,547140,0.003,0.01,1
"г. Владивосток, ул. Русская, д. 19в",2,60600,1000,606000,0.02,0.8,1
"г. Владивосток, ул. Русская, д. 35",2,26600,5300,845880,0.003,0.02,1
"г. Владивосток, ул. Русская, д. 37а",3,88300,4800,2543040,0.003,0.03,1
"г. Владивосток, ул. Русская, д. 39 Б",1,48400,7300,4946480,0.003,0.02,1
"г. Владивосток, ул. Русская, д. 41а",0,92700,3300,1223640,0.003,0.02,1
"г. Владивосток, ул. Русская, д. 46",1,77700,1000,621600,0.003,0.03,1
"г. Владивосток, ул. Русская, д. 55 Б",3,25100,6500,2284100,0.003,0.02,1
"г. Владивосток, ул. Русская, д. 55а",2,57900,7100,2466540,0.003,0.03,1
"г. Владивосток, ул. Русская, д. 65",4,94900,9900,5637060,0.003,0.04,1
"г. Владивосток, ул. Русская, д. 66",1,64200,800,308160,0.003,0.04,1
"г. Владивосток, ул. Русская, д. 68 Б",2,75800,9300,5639520,0.003,0.03,1
"г. Владивосток, ул. Русская, д. 74в",3,7500,3200,240000,0.02,0.8,1
"г. Владивосток, ул. Русская, д. 82",4,45700,1200,109680,0.003,0.01,1
"г. Владивосток, ул. Садовая, д. 22",4,33300,7500,1998000,0.003,0.03,1
"г. Владивосток, ул. Сахалинская, д. 19",0,53900,6700,2166780,0.003,0.03,1
"г. Владивосток, ул. Сахалинская, д. 27",3,36000,3700,532800,0.003,0.02,1
"г. Владивосток, ул. Сахалинская, д. 42",2,94100,5100,2879460,0.003,0.04,1
"г. Владивосток, ул. Сахалинская, д. 42, стр. 5",4,91700,8400,6162240,0.003,0.03,1
"г. Владивосток, ул. Сахалинская, д. 48",4,23900,4600,659640,0.003,0.02,1
"г. Владивосток, ул. Светланская, 45",2,31800,7800,4960800,0.005,0.06,1
"г. Владивосток, ул. Светланская, д. 11",0,87400,10000,5244000,0.003,0.04,1
"г. Владивосток, ул. Светланская, д. 131 Б",3,88600,4900,2604840,0.003,0.04,1
"г. Владивосток, ул. Светланская, д. 143",0,21700,9300,403620,0.003,0.02,1
"г. Владивосток, ул. Светланская, д. 150",3,67500,2600,2457000,0.003,0.02,1
"г. Владивосток, ул. Светланская, д. 189",2,8300,800,66400,0.02,0.8,1
"г. Владивосток, ул. Светланская, д. 22",2,35800,9000,1933200,0.003,0.04,1
"г. Владивосток, ул. Светланская, д. 29",2,40300,2700,1088100,0.02,0.8,1
"г. Владивосток, ул. Светланская, д. 31",3,75200,4500,1353600,0.003,0.02,1
"г. Владивосток, ул. Светланская, д. 33",3,56900,9100,3106740,0.003,0.02,1
"г. Владивосток, ул. Светланская, д. 37",2,44800,5800,1559040,0.003,0.03,1
"г. Владивосток, ул. Светланская, д. 41",2,70300,1600,674880,0.003,0.08,1
"г. Владивосток, ул. Светланская, д. 47",3,91600,5700,3132720,0.003,0.04,1
"г. Владивосток, ул. Светланская, д. 51",1,26400,6300,1995840,0.003,0.07,1
"г. Владивосток, ул. Светланская, д. 56",4,22800,1700,155040,0.003,0.03,1
"г. Владивосток, ул. Светланская, д. 69",1,93700,1300,243620,0.001,0.02,1
"г. Владивосток, ул. Светланская, д. 71",2,43900,4500,1185300,0.003,0.03,1
"г. Владивосток, ул. Светланская, д. 72",1,74400,6700,2990880,0.003,0.02,1
"г. Владивосток, ул. Светланская, д. 78",4,28300,1300,515060,0.003,0.02,1
"г. Владивосток, ул. Светланская, д. 78 Б",3,42400,1000,84800,0.003,0.01,1
"г. Владивосток, ул. Светланская, д. 83",0,96400,200,115680,0.003,0.02,1
"г. Владивосток, ул. Семеновская, 29",3,40400,6600,5332800,0.005,0.06,1
"г. Владивосток, ул. Семеновская, д. 12",1,87900,6300,3322620,0.003,0.04,1
"г. Владивосток, ул. Семеновская, д. 18",2,10500,1300,27300,0.003,0.05,1
"г. Владивосток, ул. Семеновская, д. 25",3,63700,4500,1146600,0.003,0.02,1
"г. Владивосток, ул. Семеновская, д. 30",2,77500,2200,341000,0.003,0.02,1
"г. Владивосток, ул. Семеновская, д. 6г",3,18500,1500,55500,0.003,0.01,1
"г. Владивосток, ул. Снеговая, д. 64",2,41300,600,148680,0.003,0.02,1
"г. Владивосток, ул. Спортивная, д. 2",1,55200,7700,3400320,0.003,0.01,1
"г. Владивосток, ул. Спортивная, д. 4",2,97800,5200,3051360,0.003,0.04,1
"г. Владивосток, ул. Спортивная, д. 5",3,32400,400,77760,0.003,0.03,1
"г. Владивосток, ул. Стрелочная, 19",2,30600,7300,4467600,0.005,0.06,1
"г. Владивосток, ул. Стрельникова, д. 3 Б",2,35800,5200,744640,0.003,0.02,1
"г. Владивосток, ул. Стрельникова, д. 7",3,900,7100,38340,0.003,0.02,1
"г. Владивосток, ул. Стрельникова, д. 9",3,19100,300,80220,0.003,0.02,1
"г. Владивосток, ул. Тигровая, д. 7",2,47400,700,265440,0.003,0.03,1
"г. Владивосток, ул. Тимирязева, д. 31",2,72500,9900,4306500,0.003,0.02,1
"г. Владивосток, ул. Толстого, д. 32",3,55400,8900,6902840,0.003,0.02,1
"г. Владивосток, ул. Трамвайная, д. 12",1,22500,700,220500,0.003,0.02,1
"г. Владивосток, ул. Тухачевского, д. 53",3,86000,5800,1995200,0.003,0.02,1
"г. Владивосток, ул. Уборевича, д. 11",3,76200,8100,4937760,0.003,0.03,1
"г. Владивосток, ул. Уборевича, д. 5а",4,79800,3900,3112200,0.02,0.8,1
"г. Владивосток, ул. Уборевича, д. 7",3,36100,4200,303240,0.003,0.02,1
"г. Владивосток, ул. Успенского, д. 58 Б",0,58800,1200,423360,0.003,0.04,1
"г. Владивосток, ул. Фадеева, д. 1",0,80700,1700,274380,0.001,0.02,1
"г. Владивосток, ул. Фадеева, д. 2д",1,48600,9500,923400,0.003,0.05,1
"г. Владивосток, ул. Фадеева, д. 42а",2,7200,3800,328320,0.003,0.07,1
"г. Владивосток, ул. Фастовская, д. 20",1,9400,5400,710640,0.003,0.02,1
"г. Владивосток, ул. Фонтанная, 53",0,10400,2900,603200,0.005,0.06,1
"г. Владивосток, ул. Фонтанная, д. 16",1,51800,4200,870240,0.003,0.02,1
"г. Владивосток, ул. Хабаровская 9",3,53500,5500,5885000,0.005,0.06,1
"г. Владивосток, ул. Хабаровская, 19",0,46200,1300,1201200,0.005,0.06,1
"г. Владивосток, ул. Чапаева, д. 9",1,58700,6100,716140,0.003,0.02,1
"г. Владивосток, ул. Черемуховая, д. 18а",3,90100,2200,1189320,0.003,0.08,1
"г. Владивосток, ул. Черемуховая, д. 7",2,56600,900,305640,0.003,0.04,1
"г. Владивосток, ул. Черемуховая, д. 9",4,21100,600,25320,0.003,0.02,1
"г. Владивосток, ул. Черняховского 5",1,71400,3200,4569600,0.005,0.06,1
"г. Владивосток, ул. Четвертая, д. 11",1,88200,8600,4551120,0.003,0.04,1
"г. Владивосток, ул. Шепеткова, д. 8",4,7200,3000,86400,0.003,0.03,1
"г. Владивосток, ул. Шилкинская, д. 10а",2,79300,8800,4187040,0.003,0.02,1
"г. Владивосток, ул. Шилкинская, д. 42",1,17600,2700,285120,0.003,0.04,1
"г. Владивосток, ш. Военное, д. 1а",0,65700,5300,4874940,0.003,0.02,1
"г. Хабаровск, бул. Амурский, 2",0,59800,3300,3946800,0.005,0.06,1
"г. Хабаровск, бул. Амурский, 5",0,45500,4100,3731000,0.005,0.06,1
"г. Хабаровск, бул. Амурский, д. 18",1,57600,6200,4285440,0.003,0.07,1
"г. Хабаровск, бул. Амурский, д. 39",3,34900,4200,2052120,0.003,0.02,1
"г. Хабаровск, бул. Уссурийский, д. 58",2,32500,3300,1501500,0.003,0.02,1
"г. Хабаровск, бул. Уссурийский, д. 6",4,13700,9600,526080,0.003,0.07,1
"г. Хабаровск, бул. Уссурийский, д. 9",4,44100,2200,194040,0.003,0.01,1
"г. Хабаровск, ДОС, д. 35",3,8900,500,26700,0.003,0.08,1
"г. Хабаровск, квартал ДОС (Большой Аэродром), д. 41",1,96700,4700,6362860,0.003,0.02,1
"г. Хабаровск, кв-л 70-летия Октября, д. 5",2,81700,3400,5555600,0.005,0.06,1
"г. Хабаровск, кв-л ДОС (Большой Аэродром), д. 35",1,14800,1400,414400,0.005,0.06,1
"г. Хабаровск, кв-л ДОС (Большой Аэродром), д. 51",3,89900,8400,15103200,0.005,0.06,1
"г. Хабаровск, Ленинградская ул., 28И",3,10200,7900,1128120,0.004,0.1,1
"г. Хабаровск, Ленинградская, д. 58",1,68800,4700,4527040,0.003,0.02,1
"г. Хабаровск, Молодежная ул., 21",3,71100,1600,1592640,0.004,0.1,1
"г. Хабаровск, п. Березовка, ул. Сергеевская, д. 9",2,61000,600,219600,0.003,0.03,1
"г. Хабаровск, пер. Донской, 5",1,59400,2500,2970000,0.005,0.06,1
"г. Хабаровск, пер. Краснодарский, д. 1",2,64500,900,1161000,0.005,0.06,1
"г. Хабаровск, пер. Ленинградский, д. 13",2,14700,2000,176400,0.003,0.08,1
"г. Хабаровск, пер. Сормовский, 1",2,22000,7700,3388000,0.005,0.06,1
"г. Хабаровск, пер. Топографический, д. 12",3,16100,8300,1069040,0.003,0.03,1
"г. Хабаровск, пр-кт 60 лет Октября, 156, литер А",4,68800,4300,4141760,0.004,0.1,1
"г. Хабаровск, пр-кт 60-летия Октября, 162 с. 1",4,18400,4600,1184960,0.004,0.1,1
"г. Хабаровск, просп. 60 лет Октября, д. 137а",3,69700,3800,1059440,0.003,0.07,1
"г. Хабаровск, просп. 60-летия Октября",3,8000,3200,358400,0.003,0.02,1
"г. Хабаровск, просп. 60-летия Октября, 156",1,19100,1700,649400,0.005,0.06,1
"г. Хабаровск, просп. 60-летия Октября, 67",1,26700,100,53400,0.005,0.06,1
"г. Хабаровск, просп. 60-летия Октября, 90",2,96700,1900,3674600,0.005,0.06,1
"г. Хабаровск, просп. 60-летия Октября, д. 158, корп. 1",4,10800,1300,280800,0.005,0.06,1
"г. Хабаровск, просп. 60-летия Октября, д. 162",2,24800,6200,3075200,0.005,0.06,1
"г. Хабаровск, просп. 60-летия Октября, д. 100",3,25400,6300,2240280,0.003,0.02,1
"г. Хабаровск, просп. 60-летия Октября, д. 206",0,36000,2500,540000,0.003,0.02,1
"г. Хабаровск, просп. 60-летия Октября, д. 67",1,42000,300,176400,0.003,0.02,1
"г. Хабаровск, просп. 60-летия Октября, д. 82",0,62300,2600,971880,0.003,0.03,1
"г. Хабаровск, просп. 60-летия Октября, д. 84",4,74000,8000,4736000,0.003,0.01,1
"г. Хабаровск, Тихоокеанская ул., 158А",2,81400,2900,3304840,0.004,0.1,1
"г. Хабаровск, ул. Автобусная, 2",1,20600,9000,3708000,0.005,0.06,1
"г. Хабаровск, ул. Архангельская, д. 27а",0,86800,8400,14582400,0.005,0.06,1
"г. Хабаровск, ул. Батуевская Ветка, д. 20",4,51000,7500,7650000,0.005,0.06,1
"г. Хабаровск, ул. Белорусская, д. 39",3,36600,4500,3294000,0.005,0.06,1
"г. Хабаровск, ул. Бойко-Павлова, 2",3,6800,5700,775200,0.005,0.06,1
"г. Хабаровск, ул. Большая, 118",0,33100,10000,6620000,0.005,0.06,1
"г. Хабаровск, ул. Большая, 7",2,66100,100,132200,0.005,0.06,1
"г. Хабаровск, ул. Большая, 88",1,47000,2100,1974000,0.005,0.06,1
"г. Хабаровск, ул. Большая, д. 87д",2,40000,3600,2880000,0.005,0.06,1
"г. Хабаровск, ул. Брестская, 4",1,86900,2200,3823600,0.005,0.06,1
"г. Хабаровск, ул. Вахова, 2",3,12700,8900,2260600,0.005,0.06,1
"г. Хабаровск, ул. Владивостокская, 61",4,51900,6300,6539400,0.005,0.06,1
"г. Хабаровск, ул. Волочаевская 85 корп. 1",4,23300,2000,932000,0.005,0.06,1
"г. Хабаровск, ул. Волочаевская, 33",1,71500,4400,6292000,0.005,0.06,1
"г. Хабаровск, ул. Волочаевская, д. 8е",1,69100,1500,2073000,0.005,0.06,1
"г. Хабаровск, ул. Волочаевская, д. 9 а",3,42800,5200,4451200,0.005,0.06,1
"г. Хабаровск, ул. Воровского, 21",4,1600,9900,316800,0.005,0.06,1
"г. Хабаровск, ул. Воронежская, 31",2,49000,300,294000,0.005,0.06,1
"г. Хабаровск, ул. Ворошилова, д. 29 Б",2,39700,8000,6352000,0.005,0.06,1
"г. Хабаровск, ул. Ворошилова, д. 35 Б",3,50200,8300,8333200,0.005,0.06,1
"г. Хабаровск, ул. Гагарина, 11",0,5100,4600,469200,0.005,0.06,1
"г. Хабаровск, ул. Гамарника, 12",3,67300,8700,11710200,0.005,0.06,1
"г. Хабаровск, ул. Дикопольцева, д. 26а",3,900,5500,99000,0.005,0.06,1
"г. Хабаровск, ул. Запарина, 130",0,29300,6900,4043400,0.005,0.06,1
"г. Хабаровск, ул. Индустриальная, д. 1 Б",4,29900,3100,1853800,0.005,0.06,1
"г. Хабаровск, ул. Истомина, д. 56а",3,33700,8400,5661600,0.005,0.06,1
"г. Хабаровск, ул. Калараша, 15",3,44400,7200,6393600,0.005,0.06,1
"г. Хабаровск, ул. Калараша, д. 29а",1,92200,4900,9035600,0.005,0.06,1
"г. Хабаровск, ул. Калинина, 111",2,46100,9200,8482400,0.005,0.06,1
"г. Хабаровск, ул. Калинина, 28",0,22500,6000,2700000,0.005,0.06,1
"г. Хабаровск, ул. Карла Маркса 143Г",0,5800,7900,916400,0.005,0.06,1
"г. Хабаровск, ул. Карла Маркса, 114",1,20500,7200,2952000,0.005,0.06,1
"г. Хабаровск, ул. Карла Маркса, 41",3,30800,9900,4268880,0.004,0.1,1
"г. Хабаровск, ул. Карла Маркса, 59",1,39600,5300,4197600,0.005,0.06,1
"г. Хабаровск, ул. Карла Маркса, 74",4,58700,2000,2348000,0.005,0.06,1
"г. Хабаровск, ул. Карла Маркса, д. 143г",4,97000,2200,4268000,0.005,0.06,1
"г. Хабаровск, ул. Карла-Маркса, 76",4,53800,3100,2334920,0.004,0.1,1
"г. Хабаровск, ул. Карла-Маркса, 92",2,46800,2300,1506960,0.004,0.1,1
"г. Хабаровск, ул. Ким Ю Чена, 44",3,56900,200,227600,0.005,0.06,1
"г. Хабаровск, ул. Ким Ю Чена, 47",1,67600,5800,7841600,0.005,0.06,1
"г. Хабаровск, ул. Краснореченская, 109, стр. Б",2,5300,9800,1038800,0.005,0.06,1
"г. Хабаровск, ул. Краснореченская, 157",2,11400,6100,1390800,0.005,0.06,1
"г. Хабаровск, ул. Краснореченская, 159",3,63700,6200,7898800,0.005,0.06,1
"г. Хабаровск, ул. Краснореченская, 193",2,65500,2300,3013000,0.005,0.06,1
"г. Хабаровск, ул. Краснореченская, 209",2,85700,8400,14397600,0.005,0.06,1
"г. Хабаровск, ул. Краснореченская, 44",1,11700,7100,1661400,0.005,0.06,1
"г. Хабаровск, ул. Краснореченская, 81",1,65400,300,392400,0.005,0.06,1
"г. Хабаровск, ул. Краснореченская, 92",0,30300,3800,2302800,0.005,0.06,1
"г. Хабаровск, ул. Краснореченская, д. 169а",4,59400,200,237600,0.005,0.06,1
"г. Хабаровск, ул. Краснореченская, д. 90",1,20500,1400,574000,0.005,0.06,1
"г. Хабаровск, ул. Ленина, 25",2,700,2900,40600,0.005,0.06,1
"г. Хабаровск, ул. Ленина, 29",4,95400,9200,17553600,0.005,0.06,1
"г. Хабаровск, ул. Ленина, 33",2,57800,5100,5895600,0.005,0.06,1
"г. Хабаровск, ул. Ленина, 43",1,47800,900,602280,0.004,0.1,1
"г. Хабаровск, ул. Ленина, 69",1,34300,1100,754600,0.005,0.06,1
"г. Хабаровск, ул. Ленина, д. 43, стр. 2",2,17300,5000,1730000,0.005,0.06,1
"г. Хабаровск, ул. Ленинградская, 58",1,68900,5500,7579000,0.005,0.06,1
"г. Хабаровск, ул. Ленинградская, 81",1,80100,5900,9451800,0.005,0.06,1
"г. Хабаровск, ул. Ленинградская, д. 9 А",2,26100,2800,1461600,0.005,0.06,1
"г. Хабаровск, ул. Ленинградская, д. 9а",1,48200,10000,9640000,0.005,0.06,1
"г. Хабаровск, ул. Льва Толстого, 15",2,98400,1200,2361600,0.005,0.06,1
"г. Хабаровск, ул. Льва Толстого, д. 19а",4,8700,1200,208800,0.005,0.06,1
"г. Хабаровск, ул. Молодежная, 23",2,35000,5600,3920000,0.005,0.06,1
"г. Хабаровск, ул. Морозова Павла Леонтьевича, 118",2,71200,9100,12958400,0.005,0.06,1
"г. Хабаровск, ул. Морозова Павла Леонтьевича, 58",3,80100,2000,2242800,0.004,0.1,1
"г. Хабаровск, ул. Морозова Павла Леонтьевича, д. 86",3,22000,2400,1056000,0.005,0.06,1
"г. Хабаровск, ул. Муравьева-Амурского 7",2,97800,7400,14474400,0.005,0.06,1
"г. Хабаровск, ул. Муравьева-Амурского, 19",3,85400,4700,8027600,0.005,0.06,1
"г. Хабаровск, ул. Муравьева-Амурского, 36",1,51900,7200,5231520,0.004,0.1,1
"г. Хабаровск, ул. Муравьева-Амурского, 44",1,9600,5300,1017600,0.005,0.06,1
"г. Хабаровск, ул. Панфиловцев, 14, корп. Б",3,89900,1800,3236400,0.005,0.06,1
"г. Хабаровск, ул. Панфиловцев, д. 14 Б",0,5900,7100,837800,0.005,0.06,1
"г. Хабаровск, ул. Профессора Даниловского, 16, корп. А",3,41300,4600,3799600,0.005,0.06,1
"г. Хабаровск, ул. профессора Даниловского, 6Б",1,2700,8200,309960,0.004,0.1,1
"г. Хабаровск, ул. Профессора Даниловского, д. 16а",4,29900,800,478400,0.005,0.06,1
"г. Хабаровск, ул. Пушкина 31",2,99300,1600,3177600,0.005,0.06,1
"г. Хабаровск, ул. Пушкина, 54",1,63000,800,1008000,0.005,0.06,1
"г. Хабаровск, ул. Руднева, 56",1,25600,5000,2560000,0.005,0.06,1
"г. Хабаровск, ул. Руднева, 79",1,55300,1200,1327200,0.005,0.06,1
"г. Хабаровск, ул. Сергеевская, 26",1,85900,8600,14774800,0.005,0.06,1
"г. Хабаровск, ул. Серышева, 42",3,25400,8100,4114800,0.005,0.06,1
"г. Хабаровск, ул. Серышева, 88",1,86800,8700,15103200,0.005,0.06,1
"г. Хабаровск, ул. Советская, 10, корп. 1",3,40100,3000,2406000,0.005,0.06,1
"г. Хабаровск, ул. Суворова, 51",2,71900,4400,6327200,0.005,0.06,1
"г. Хабаровск, ул. Суворова, 80",3,57500,9900,11385000,0.005,0.06,1
"г. Хабаровск, ул. Суворова, д. 28",4,93500,4700,8789000,0.005,0.06,1
"г. Хабаровск, ул. Тимирязева, д. 65",4,1300,600,15600,0.005,0.06,1
"г. Хабаровск, ул. Тихоокеанская 191 А",2,57600,2900,3340800,0.005,0.06,1
"г. Хабаровск, ул. Тихоокеанская 204",3,7500,2400,360000,0.005,0.06,1
"г. Хабаровск, ул. Тихоокеанская, 136",3,98100,4200,8240400,0.005,0.06,1
"г. Хабаровск, ул. Тихоокеанская, 170а",0,80700,9100,14687400,0.005,0.06,1
"г. Хабаровск, ул. Тихоокеанская, д. 191а",2,34800,4400,3062400,0.005,0.06,1
"г. Хабаровск, ул. Тихоокеанская, д. 218 в",4,68200,700,954800,0.005,0.06,1
"г. Хабаровск, ул. Трехгорная, 98",3,99500,1200,2388000,0.005,0.06,1
"г. Хабаровск, ул. Тургенева, 46",0,36700,9900,7266600,0.005,0.06,1
"г. Хабаровск, ул. Уборевича, д. 72",2,76900,2100,3229800,0.005,0.06,1
"г. Хабаровск, ул. Ульяновская, 160",2,66000,4100,5412000,0.005,0.06,1
"г. Хабаровск, ул. Фрунзе, д. 47а",3,40100,5700,4571400,0.005,0.06,1
"г. Хабаровск, ул. Шевчука, 29",0,53600,100,107200,0.005,0.06,1
"г. Хабаровск, ул. Шелеста, 114",1,21900,7300,3197400,0.005,0.06,1
"г. Хабаровск, ул. Шелеста, д. 2а",4,85300,8700,14842200,0.005,0.06,1
"г. Хабаровск, ул. Шеронова, 22",4,83700,8400,14061600,0.005,0.06,1
"г. Хабаровск, ул. Школьная, д. 32а",2,26000,9800,5096000,0.005,0.06,1
"г. Хабаровск, ул. Шкотова, д. 15, корп. а",2,40000,5300,4240000,0.005,0.06,1
"г. Хабаровск, ул. Шкотова, д. 15а",0,46100,4100,3780200,0.005,0.06,1
"г. Хабаровск, ул. Аксенова, д. 24",3,50700,4300,1308060,0.003,0.08,1
"г. Хабаровск, ул. Армавирская, д. 1",1,11300,8500,1344700,0.003,0.02,1
"г. Хабаровск, ул. Батуевская ветка, д. 20",3,89500,9300,9988200,0.003,0.07,1
"г. Хабаровск, ул. Батуевская Ветка, д. 20",0,14800,8900,1844080,0.003,0.02,1
"г. Хабаровск, ул. Бойко-Павлова, д. 2",2,84800,8000,8140800,0.003,0.07,1
"г. Хабаровск, ул. Бойко-Павлова, д. 3",3,52000,9700,7061600,0.003,0.02,1
"г. Хабаровск, ул. Большая, д. 122",1,70700,9800,9700040,0.003,0.02,1
"г. Хабаровск, ул. Большая, д. 88",1,20100,100,20100,0.02,0.8,1
"г. Хабаровск, ул. Большая, д. 99",4,43800,2900,1524240,0.003,0.07,1
"г. Хабаровск, ул. Бондаря, д. 6а",1,94700,1800,681840,0.003,0.07,1
"г. Хабаровск, ул. Брестская, д. 22",3,79900,8600,4122840,0.003,0.08,1
"г. Хабаровск, ул. Владивостокская, д. 61",2,9200,3000,331200,0.003,0.07,1
"г. Хабаровск, ул. Владивостокская, д. 61а",1,74500,2300,2398900,0.003,0.02,1
"г. Хабаровск, ул. Волочаевская, д. 104а",0,49700,6800,1351840,0.003,0.02,1
"г. Хабаровск, ул. Волочаевская, д. 148",2,68600,3100,2977240,0.003,0.02,1
"г. Хабаровск, ул. Волочаевская, д. 163",2,65200,8900,1160560,0.003,0.05,1
"г. Хабаровск, ул. Волочаевская, д. 188",4,18700,9000,1009800,0.003,0.08,1
"г. Хабаровск, ул. Волочаевская, д. 33",4,10600,8400,356160,0.003,0.07,1
"г. Хабаровск, ул. Волочаевская, д. 85/1",3,80600,2900,2804880,0.003,0.07,1
"г. Хабаровск, ул. Волочаевская, д. 9а",1,82300,4000,4608800,0.003,0.02,1
"г. Хабаровск, ул. Воровского, д. 10",1,68200,7900,7542920,0.003,0.02,1
"г. Хабаровск, ул. Воронежская, 49",3,76900,5100,7843800,0.005,0.06,1
"г. Хабаровск, ул. Воронежская, д. 19",1,89000,1600,284800,0.003,0.02,1
"г. Хабаровск, ул. Воронежская, д. 19а",0,3900,9900,231660,0.003,0.02,1
"г. Хабаровск, ул. Воронежская, д. 31",0,82300,2700,2666520,0.003,0.07,1
"г. Хабаровск, ул. Воронежская, д. 47/1",2,67400,3900,2628600,0.02,0.8,1
"г. Хабаровск, ул. Воронежская, д. 49",4,39100,8800,4817120,0.003,0.02,1
"г. Хабаровск, ул. Ворошилова, д. 10",4,35900,4500,969300,0.003,0.08,1
"г. Хабаровск, ул. Ворошилова, д. 28",3,76900,9400,10120040,0.003,0.02,1
"г. Хабаровск, ул. Ворошилова, д. 29 Б",1,62000,3200,1190400,0.003,0.02,1
"г. Хабаровск, ул. Вяземская, д. 3",0,38400,7000,1612800,0.003,0.08,1
"г. Хабаровск, ул. Гагарина, д. 11",0,31500,1000,126000,0.003,0.07,1
"г. Хабаровск, ул. Гагарина, д. 14",3,11600,2000,139200,0.003,0.03,1
"г. Хабаровск, ул. Гоголя, д. 27",2,95100,9300,3537720,0.003,0.07,1
"г. Хабаровск, ул. Демьяна Бедного, д. 27",2,65600,5600,2204160,0.003,0.08,1
"г. Хабаровск, ул. Джамбула, 36",3,5100,2600,265200,0.005,0.06,1
"г. Хабаровск, ул. Джамбула, 81",1,5400,9900,1069200,0.005,0.06,1
"г. Хабаровск, ул. Джамбула, д. 13",2,95800,5200,3985280,0.003,0.03,1
"г. Хабаровск, ул. Джамбула, д. 36",2,32800,9200,4224640,0.003,0.02,1
"г. Хабаровск, ул. Дзержинского, д. 23",3,21100,7100,599240,0.003,0.07,1
"г. Хабаровск, ул. Дзержинского, д. 56",1,34400,3400,701760,0.003,0.04,1
"г. Хабаровск, ул. Дикопольцева, д. 12",4,68400,100,68400,0.02,0.8,1
"г. Хабаровск, ул. Забайкальская, д. 10",1,69100,5500,1520200,0.003,0.07,1
"г. Хабаровск, ул. Запарина, 1",3,19900,8900,3542200,0.005,0.06,1
"г. Хабаровск, ул. Запарина, д. 130",3,81500,8900,2901400,0.003,0.07,1
"г. Хабаровск, ул. Запарина, д. 57",4,83900,8600,1443080,0.003,0.02,1
"г. Хабаровск, ул. Запарина, д. 86",3,73100,4000,584800,0.003,0.02,1
"г. Хабаровск, ул. Истомина, д. 51а",2,32500,7100,2307500,0.02,0.8,1
"г. Хабаровск, ул. Истомина, д. 85",4,14000,7100,397600,0.003,0.07,1
"г. Хабаровск, ул. Калараша, д. 1",1,59700,6100,4370040,0.003,0.07,1
"г. Хабаровск, ул. Калараша, д. 15",1,97400,9000,5259600,0.003,0.08,1
"г. Хабаровск, ул. Калараша, д. 3",2,34400,3100,639840,0.003,0.03,1
"г. Хабаровск, ул. Калинина, д. 120",3,100,8100,4860,0.003,0.08,1
"г. Хабаровск, ул. Калинина, д. 66",3,42000,5400,3175200,0.003,0.02,1
"г. Хабаровск, ул. Карла Маркса, 60",2,57800,7500,8670000,0.005,0.06,1
"г. Хабаровск, ул. Карла Маркса, 76",4,12700,5600,1422400,0.005,0.06,1
"г. Хабаровск, ул. Карла Маркса, д. 114",4,12500,900,90000,0.003,0.03,1
"г. Хабаровск, ул. Карла Маркса, д. 143г",3,30300,8000,1454400,0.003,0.08,1
"г. Хабаровск, ул. Карла Маркса, д. 143е",2,66500,300,239400,0.003,0.07,1
"г. Хабаровск, ул. Карла Маркса, д. 144г",0,22500,9100,2047500,0.02,0.8,1
"г. Хабаровск, ул. Карла Маркса, д. 49",3,26300,300,31560,0.003,0.01,1
"г. Хабаровск, ул. Карла Маркса, д. 56",1,45200,4900,3100720,0.003,0.02,1
"г. Хабаровск, ул. Карла Маркса, д. 76а",3,31600,6500,2054000,0.02,0.8,1
"г. Хабаровск, ул. Карла Маркса, д. 96а",3,30900,3600,667440,0.003,0.02,1
"г. Хабаровск, ул. Ким Ю Чена, д. 15",1,6600,7300,674520,0.003,0.02,1
"г. Хабаровск, ул. Ким Ю Чена, д. 26",0,43900,2700,948240,0.003,0.03,1
"г. Хабаровск, ул. Ким Ю Чена, д. 47",4,5100,100,6120,0.003,0.07,1
"г. Хабаровск, ул. Клубная, д. 23",0,69000,9700,9370200,0.003,0.02,1
"г. Хабаровск, ул. Комсомольская, д. 100",3,95800,5900,1130440,0.003,0.02,1
"г. Хабаровск, ул. Комсомольская, д. 102",1,24100,6200,298840,0.003,0.01,1
"г. Хабаровск, ул. Комсомольская, д. 67",2,59000,1400,1156400,0.003,0.02,1
"г. Хабаровск, ул. Королева, д. 7",2,65700,5400,1419120,0.003,0.07,1
"г. Хабаровск, ул. Королева, д. 8",4,30900,9200,3979920,0.003,0.02,1
"г. Хабаровск, ул. Краснодарская, д. 9",1,200,8900,24920,0.003,0.02,1
"г. Хабаровск, ул. Краснореченская, 111, корп. В",2,11200,8400,1881600,0.005,0.06,1
"г. Хабаровск, ул. Краснореченская, 9",4,28300,500,283000,0.005,0.06,1
"г. Хабаровск, ул. Краснореченская, д. 100",1,82800,7600,7551360,0.003,0.07,1
"г. Хабаровск, ул. Краснореченская, д. 131а",3,65900,900,355860,0.003,0.03,1
"г. Хабаровск, ул. Краснореченская, д. 159",1,700,8200,57400,0.02,0.8,1
"г. Хабаровск, ул. Краснореченская, д. 169а",3,86600,6200,2147680,0.003,0.07,1
"г. Хабаровск, ул. Краснореченская, д. 193",0,42100,7500,4420500,0.003,0.02,1
"г. Хабаровск, ул. Краснореченская, д. 207",4,6500,4500,117000,0.003,0.03,1
"г. Хабаровск, ул. Краснореченская, д. 46а",3,92000,300,220800,0.003,0.01,1
"г. Хабаровск, ул. Краснореченская, д. 90",3,32600,6400,2920960,0.003,0.02,1
"г. Хабаровск, ул. Краснореченская, д. 96",4,77100,8300,8959020,0.003,0.02,1
"г. Хабаровск, ул. Краснореченская, д. 97а",3,62900,7900,993820,0.001,0.02,1
"г. Хабаровск, ул. Лейтенанта Шмидта, д. 2",4,90000,2600,1404000,0.003,0.08,1
"г. Хабаровск, ул. Ленина, 85",3,31400,7000,4396000,0.005,0.06,1
"г. Хабаровск, ул. Ленина, д. 18",1,54800,1000,657600,0.003,0.07,1
"г. Хабаровск, ул. Ленина, д. 18в",4,11600,4900,795760,0.003,0.02,1
"г. Хабаровск, ул. Ленина, д. 24",0,56900,8600,6850760,0.003,0.02,1
"г. Хабаровск, ул. Ленина, д. 29",2,57700,5600,1938720,0.003,0.02,1
"г. Хабаровск, ул. Ленина, д. 32",3,46600,1900,354160,0.003,0.07,1
"г. Хабаровск, ул. Ленина, д. 33",3,52700,5500,1159400,0.003,0.02,1
"г. Хабаровск, ул. Ленина, д. 41",4,800,9800,47040,0.003,0.03,1
"г. Хабаровск, ул. Ленина, д. 43а",2,15900,3200,407040,0.003,0.03,1
"г. Хабаровск, ул. Ленина, д. 44",1,29500,5300,625400,0.003,0.07,1
"г. Хабаровск, ул. Ленина, д. 48",2,56000,6100,4782400,0.003,0.02,1
"г. Хабаровск, ул. Ленина, д. 57",3,28300,1700,673540,0.003,0.02,1
"г. Хабаровск, ул. Ленина, д. 61",1,63500,1500,762000,0.003,0.01,1
"г. Хабаровск, ул. Ленина, д. 70",0,91100,4600,2514360,0.003,0.03,1
"г. Хабаровск, ул. Ленина, д. 71",2,69300,2500,2425500,0.003,0.02,1
"г. Хабаровск, ул. Ленина, д. 75",1,82400,9700,4795680,0.003,0.04,1
"г. Хабаровск, ул. Ленинградская, 28",2,91900,2300,4227400,0.005,0.06,1
"г. Хабаровск, ул. Ленинградская, д. 58",0,80900,1100,533940,0.003,0.08,1
"г. Хабаровск, ул. Ленинградская, д. 62",3,88300,7600,4026480,0.003,0.03,1
"г. Хабаровск, ул. Ленинградская, д. 81",2,11700,2100,245700,0.02,0.8,1
"г. Хабаровск, ул. Лермонтова, д. 17",1,5900,5300,187620,0.003,0.08,1
"г. Хабаровск, ул. Льва Толстого, д. 12",3,5800,1600,18560,0.003,0.02,1
"г. Хабаровск, ул. Льва Толстого, д. 15",1,82400,8700,2867520,0.003,0.02,1
"г. Хабаровск, ул. Льва Толстого, д. 8а",3,41500,200,16600,0.003,0.02,1
"г. Хабаровск, ул. Магаданская, д. 35а",1,4900,6800,466480,0.003,0.02,1
"г. Хабаровск, ул. Малиновского, 33",2,48600,4500,4374000,0.005,0.06,1
"г. Хабаровск, ул. Металлистов, 18",0,62400,4900,6115200,0.005,0.06,1
"г. Хабаровск, ул. Металлистов, д. 24",0,22300,1800,321120,0.003,0.03,1
"г. Хабаровск, ул. Морозова Павла Леонтьевича, 58",1,93900,6000,11268000,0.005,0.06,1
"г. Хабаровск, ул. Морозова, д. 128 Б",3,54700,4900,3216360,0.003,0.07,1
"г. Хабаровск, ул. Морозова, д. 58ж",2,71200,3800,3246720,0.003,0.07,1
"г. Хабаровск, ул. Морозова, д. 86",3,95600,2700,2064960,0.003,0.03,1
"г. Хабаровск, ул. Морозова, д. 91",4,99600,1700,2370480,0.003,0.02,1
"г. Хабаровск, ул. Московская, д. 7",0,97800,9000,12322800,0.003,0.02,1
"г. Хабаровск, ул. Муравьева Амурского, д. 28",1,79700,4900,2343180,0.003,0.08,1
"г. Хабаровск, ул. Муравьева Амурского, д. 32",2,34100,1900,907060,0.003,0.02,1
"г. Хабаровск, ул. Муравьева-Амурского, 23",3,79400,4800,7622400,0.005,0.06,1
"г. Хабаровск, ул. Муравьева-Амурского, д. 11",2,4500,5600,50400,0.003,0.02,1
"г. Хабаровск, ул. Муравьева-Амурского, д. 23",4,94000,2600,1955200,0.003,0.03,1
"г. Хабаровск, ул. Муравьева-Амурского, д. 26",3,40100,5600,2694720,0.003,0.07,1
"г. Хабаровск, ул. Муравьева-Амурского, д. 34",1,63800,3100,2373360,0.003,0.07,1
"г. Хабаровск, ул. Муравьева-Амурского, д. 50",2,57900,1100,382140,0.003,0.08,1
"г. Хабаровск, ул. Муравьева-Амурского, д. 7",2,47200,4800,1359360,0.003,0.02,1
"г. Хабаровск, ул. Муравьева-Амурского, д. 9",1,57300,1000,343800,0.003,0.03,1
"г. Хабаровск, ул. Нововыборгская, 25",0,67800,6600,8949600,0.005,0.06,1
"г. Хабаровск, ул. Нововыборгская, д. 25",3,78800,2300,2174880,0.003,0.07,1
"г. Хабаровск, ул. Окружная, 15",1,8400,5800,974400,0.005,0.06,1
"г. Хабаровск, ул. Павла Морозова, д. 62",1,33900,6700,1362780,0.003,0.02,1
"г. Хабаровск, ул. Павловича, д. 1 Б",4,30200,5000,604000,0.003,0.07,1
"г. Хабаровск, ул. Павловича, д. 13",3,86600,9600,3325440,0.003,0.02,1
"г. Хабаровск, ул. Панфиловцев, д. 34",1,9300,8400,312480,0.003,0.07,1
"г. Хабаровск, ул. Панфиловцев, д. 37",4,44700,2600,1627080,0.003,0.02,1
"г. Хабаровск, ул. Портовая, д. 1",1,19100,9200,1054320,0.003,0.02,1
"г. Хабаровск, ул. Прогрессивная, 6",0,77000,7800,12012000,0.005,0.06,1
"г. Хабаровск, ул. Прогрессивная, д. 6",4,72900,8000,2332800,0.003,0.07,1
"г. Хабаровск, ул. Производственная, д. 2",3,7200,2600,74880,0.003,0.07,1
"г. Хабаровск, ул. Профессора Даниловского, д. 6 Б",3,52300,8100,1694520,0.003,0.07,1
"г. Хабаровск, ул. Пушкина, д. 66",3,17700,5500,1168200,0.003,0.07,1
"г. Хабаровск, ул. Пушкина, д. 70",2,60600,7000,1696800,0.003,0.03,1
"г. Хабаровск, ул. Ремесленная, д. 9",1,11700,600,56160,0.003,0.03,1
"г. Хабаровск, ул. Руднева, д. 33",1,70500,6600,3722400,0.003,0.01,1
"г. Хабаровск, ул. Руднева, д. 81",3,52100,9700,3032220,0.003,0.08,1
"г. Хабаровск, ул. Сергеевская, д. 26",3,23900,5000,956000,0.003,0.03,1
"г. Хабаровск, ул. Серышева, д. 15",1,39900,4900,2737140,0.003,0.02,1
"г. Хабаровск, ул. Серышева, д. 21",0,58900,7600,2685840,0.003,0.03,1
"г. Хабаровск, ул. Серышева, д. 8",4,89500,2700,3383100,0.003,0.02,1
"г. Хабаровск, ул. Слободская, д. 12",1,35800,1800,515520,0.003,0.03,1
"г. Хабаровск, ул. Стрельникова, д. 16а",2,62100,8700,7563780,0.003,0.02,1
"г. Хабаровск, ул. Стрельникова, д. 8а",1,70200,8400,3538080,0.003,0.02,1
"г. Хабаровск, ул. Суворова, д. 1",1,71700,8800,1261920,0.003,0.02,1
"г. Хабаровск, ул. Суворова, д. 26",3,40600,900,146160,0.003,0.02,1
"г. Хабаровск, ул. Суворова, д. 28 Б",2,2900,5900,205320,0.003,0.07,1
"г. Хабаровск, ул. Суворова, д. 32",0,5700,8600,392160,0.003,0.03,1
"г. Хабаровск, ул. Суворова, д. 42",2,98200,3000,4124400,0.003,0.02,1
"г. Хабаровск, ул. Суворова, д. 49",4,84900,7700,2614920,0.003,0.03,1
"г. Хабаровск, ул. Суворова, д. 51а",4,44400,8100,3596400,0.02,0.8,1
"г. Хабаровск, ул. Суворова, д. 84",2,31100,5400,671760,0.003,0.02,1
"г. Хабаровск, ул. Тихоокеанская, д. 130",3,48300,6400,1236480,0.003,0.07,1
"г. Хабаровск, ул. Тихоокеанская, д. 134",3,80900,7000,4530400,0.003,0.03,1
"г. Хабаровск, ул. Тихоокеанская, д. 140",2,95700,6000,2296800,0.003,0.07,1
"г. Хабаровск, ул. Тихоокеанская, д. 158а",1,24100,9400,906160,0.003,0.07,1
"г. Хабаровск, ул. Тихоокеанская, д. 172",0,59200,5800,4807040,0.003,0.02,1
"г. Хабаровск, ул. Тихоокеанская, д. 191",4,90700,5600,7110880,0.003,0.02,1
"г. Хабаровск, ул. Тихоокеанская, д. 191а",3,21100,6000,759600,0.003,0.03,1
"г. Хабаровск, ул. Тихоокеанская, д. 204",3,18200,4400,160160,0.001,0.02,1
"г. Хабаровск, ул. Тихоокенская, д. 191а",3,42200,7100,3595440,0.003,0.07,1
"г. Хабаровск, ул. Тургенева, д. 49",1,78300,6100,2865780,0.003,0.02,1
"г. Хабаровск, ул. Уборевича, д. 72",3,52000,7100,5168800,0.003,0.02,1
"г. Хабаровск, ул. Узловая, 15, стр. 4",1,59900,6500,7787000,0.005,0.06,1
"г. Хабаровск, ул. Ульяновская, 197, корп. 6",1,69500,9200,12788000,0.005,0.06,1
"г. Хабаровск, ул. Фрунзе, д. 22",1,57100,100,34260,0.003,0.03,1
"г. Хабаровск, ул. Фрунзе, д. 69",3,57500,9600,4416000,0.003,0.03,1
"г. Хабаровск, ул. Шевченко, д. 18",1,52200,7200,1503360,0.003,0.07,1
"г. Хабаровск, ул. Шевчука, д. 23",3,85400,7100,3638040,0.003,0.03,1
"г. Хабаровск, ул. Шеронова, 92",2,89500,7000,12530000,0.005,0.06,1
"г. Хабаровск, ул. Шеронова, д. 115",2,86300,9200,9527520,0.003,0.07,1
"г. Хабаровск, ул. Шеронова, д. 3",4,66400,2500,2324000,0.003,0.02,1
"г. Хабаровск, ул. Шеронова, д. 56а",1,48000,9700,6518400,0.003,0.02,1
"г. Хабаровск, ул. Шеронова, д. 65",3,8700,6800,828240,0.003,0.02,1
"г. Хабаровск, ул. Шеронова, д. 7",2,46400,2700,751680,0.003,0.08,1
"г. Хабаровск, ул. Школьная, д. 32",0,94500,2100,2778300,0.003,0.02,1
"г. Хабаровск, ул. Шкотова, д. 4",0,71400,100,42840,0.003,0.08,1
"г. Хабаровск, ул. Ясная, д. 4",3,41000,7400,1213600,0.003,0.07,1
"г. Хабаровск, Хабаровский мост",4,95100,7800,2967120,0.003,0.07,1
"г. Хабаровск, ш. Владивостокское, 14-й км",1,89200,900,321120,0.003,0.07,1
"г. Хабаровск, ш. Воронежское, д. 164",1,21500,4300,1294300,0.003,0.02,1
"г. Хабаровск, ш. Восточное, д. 50а",0,42700,900,461160,0.003,0.07,1
"г. Хабаровск, ш. Матвеевское, д. 22",2,1700,600,14280,0.003,0.02,1
"г. Хабаровск, ш. Матвеевское, д. 28",2,75000,9400,9870000,0.003,0.02,1
"г. Хабаровск, ш. Матвеевское, д. 28 А-Б",2,28800,3400,587520,0.003,0.08,1
"г. Хабаровск, ш. Матвеевское, д. 28 Б",3,70500,900,253800,0.003,0.03,1
"г. Хабаровск, ш. Матвеевское, д. 32",0,44700,2100,1314180,0.003,0.02,1
"г. Хабаровск, ш. Матвеевское, д. 47",3,89200,4100,1462880,0.003,0.07,1
"г. Хабаровск, ш. Федоровское, д. 10",4,6600,7200,380160,0.003,0.03,1
"г. Хабаровск, шоссе Восточное, 41",2,52000,2000,2080000,0.005,0.06,1
"г. Хабаровск, шоссе Восточное, 50",0,57800,900,1040400,0.005,0.06,1
"г. Хабаровск, шоссе Матвеевское 6",2,93300,3700,6904200,0.005,0.06,1
"г. Хабаровск, шоссе Матвеевское, 13",1,72300,4500,6507000,0.005,0.06,1
"г. Хабаровск, шоссе Матвеевское, 26",3,55700,7500,8355000,0.005,0.06,1
"г. Хабаровск, шоссе Матвеевское, 28",1,69100,7300,10088600,0.005,0.06,1
