bank,city,address
Росбанк,Хабаровск,"ш. Федоровское, д. 10"
МТС Банк,Хабаровск,"ш. Матвеевское, д. 47"
Банк ВТБ,Хабаровск,"ш. Матвеевское, д. 32"
Азиатско-Тихоокеанский Банк,Хабаровск,"ш. Матвеевское, д. 28 Б"
Россельхозбанк,Хабаровск,"ш. Матвеевское, д. 28 А-Б"
Банк ВТБ,Хабаровск,"ш. Матвеевское, д. 28"
Банк ВТБ,Хабаровск,"ш. Матвеевское, д. 22"
СберБанк,Хабаровск,"ш. Матвеевское, 28"
СберБанк,Хабаровск,"ш. Матвеевское, 26"
СберБанк,Хабаровск,"ш. Матвеевское, 13"
СберБанк,Хабаровск,ш. Матвеевское 6
Банк «Открытие»,Хабаровск,"ш. Восточное, д. 50а"
Восточный Банк,Хабаровск,"ш. Восточное, д. 41"
Банк ВТБ,Хабаровск,"ш. Восточное, д. 41"
СберБанк,Хабаровск,"ш. Восточное, 50"
СберБанк,Хабаровск,"ш. Восточное, 41"
Банк ВТБ,Хабаровск,"ш. Воронежское, д. 164"
Банк ВТБ,Владивосток,"ш. Военное, д. 1а"
МТС Банк,Хабаровск,"ш. Владивостокское, 14-й км"
МТС Банк,Хабаровск,Хабаровский мост
МТС Банк,Хабаровск,"ул. Ясная, д. 4"
СберБанк,Владивосток,"ул. Шуйская, д. 23а"
Росбанк,Владивосток,"ул. Шуйская, д. 23а"
Приморье,Владивосток,"ул. Шуйская, д. 23а"
Россельхозбанк,Хабаровск,"ул. Шкотова, д. 4"
СберБанк,Хабаровск,"ул. Шкотова, д. 15а"
Банк ВТБ,Хабаровск,"ул. Шкотова, д. 15а"
Банк «Открытие»,Хабаровск,"ул. Шкотова, д. 15а"
СберБанк,Хабаровск,"ул. Шкотова, д. 15, корп. а"
СберБанк,Хабаровск,"ул. Школьная, д. 32а"
Банк ВТБ,Хабаровск,"ул. Школьная, д. 32"
СберБанк,Владивосток,"ул. Шилкинская, д. 42"
Приморье,Владивосток,"ул. Шилкинская, д. 42"
СберБанк,Владивосток,"ул. Шилкинская, д. 10а"
Дальневосточный банк,Владивосток,"ул. Шилкинская, д. 10а"
Тинькофф Банк,Хабаровск,"ул. Шеронова, д. 92"
Газпромбанк,Хабаровск,"ул. Шеронова, д. 92"
Банк ВТБ,Хабаровск,"ул. Шеронова, д. 92"
Банк «Открытие»,Хабаровск,"ул. Шеронова, д. 92"
Почта Банк,Хабаровск,"ул. Шеронова, д. 7"
Банк ВТБ,Хабаровск,"ул. Шеронова, д. 65"
Банк ВТБ,Хабаровск,"ул. Шеронова, д. 56а"
Банк ВТБ,Хабаровск,"ул. Шеронова, д. 3"
Банк «Открытие»,Хабаровск,"ул. Шеронова, д. 115"
СберБанк,Хабаровск,"ул. Шеронова, 92"
СберБанк,Хабаровск,"ул. Шеронова, 22"
Азиатско-Тихоокеанский Банк,Владивосток,"ул. Шепеткова, д. 8"
СберБанк,Хабаровск,"ул. Шелеста, д. 2а"
Россельхозбанк,Хабаровск,"ул. Шелеста, д. 116а"
Дальневосточный банк,Хабаровск,"ул. Шелеста, д. 116а"
Газпромбанк,Хабаровск,"ул. Шелеста, д. 116а"
Банк ВТБ,Хабаровск,"ул. Шелеста, д. 116а"
Банк «Открытие»,Хабаровск,"ул. Шелеста, д. 116а"
СберБанк,Хабаровск,"ул. Шелеста, 114"
Восточный Банк,Хабаровск,"ул. Шевчука, д. 23"
СберБанк,Хабаровск,"ул. Шевчука, 29"
МТС Банк,Хабаровск,"ул. Шевченко, д. 18"
Приморье,Владивосток,"ул. Четвертая, д. 11"
Приморье,Владивосток,"ул. Черняховского, д. 5"
Дальневосточный банк,Владивосток,"ул. Черняховского, д. 5"
Газпромбанк,Владивосток,"ул. Черняховского, д. 5"
СберБанк,Владивосток,ул. Черняховского 5
Промсвязьбанк,Владивосток,"ул. Черемуховая, д. 9"
Приморье,Владивосток,"ул. Черемуховая, д. 7"
Почта Банк,Владивосток,"ул. Черемуховая, д. 18а"
Росбанк,Владивосток,"ул. Черемуховая, д. 15"
Промсвязьбанк,Владивосток,"ул. Черемуховая, д. 15"
Примсоцбанк,Владивосток,"ул. Черемуховая, д. 15"
Приморье,Владивосток,"ул. Черемуховая, д. 15"
Дальневосточный банк,Владивосток,"ул. Черемуховая, д. 15"
Газпромбанк,Владивосток,"ул. Черемуховая, д. 15"
Банк ВТБ,Владивосток,"ул. Черемуховая, д. 15"
СберБанк,Владивосток,"ул. Черемуховая, 7"
СберБанк,Владивосток,"ул. Черемуховая, 6"
СберБанк,Владивосток,ул. Черемуховая 15
Промсвязьбанк,Владивосток,"ул. Чапаева, д. 9"
СберБанк,Владивосток,"ул. Хабаровская, 19"
СберБанк,Владивосток,ул. Хабаровская 9
Росбанк,Хабаровск,"ул. Фрунзе, д. 69"
СберБанк,Хабаровск,"ул. Фрунзе, д. 47а"
Восточный Банк,Хабаровск,"ул. Фрунзе, д. 22"
Примсоцбанк,Владивосток,"ул. Фонтанная, д. 40"
Дальневосточный банк,Владивосток,"ул. Фонтанная, д. 40"
Банк ВТБ,Владивосток,"ул. Фонтанная, д. 40"
Примсоцбанк,Владивосток,"ул. Фонтанная, д. 16"
СберБанк,Владивосток,"ул. Фонтанная, 53"
СберБанк,Владивосток,"ул. Фонтанная, 18"
Альфа-Банк,Владивосток,"ул. Фокина, 19"
Банк ВТБ,Владивосток,"ул. Фастовская, д. 20"
Банк «Открытие»,Владивосток,"ул. Фадеева, д. 42а"
СберБанк,Владивосток,"ул. Фадеева, д. 30 Б"
Примсоцбанк,Владивосток,"ул. Фадеева, д. 30 Б"
Приморье,Владивосток,"ул. Фадеева, д. 30 Б"
Московский Областной Банк,Владивосток,"ул. Фадеева, д. 2д"
Авангард,Владивосток,"ул. Фадеева, д. 1"
Альфа-Банк,Владивосток,"ул. Фадеева, 30Б"
СберБанк,Владивосток,"ул. Фадеева, 1"
Приморье,Владивосток,"ул. Успенского, д. 58 Б"
Дальневосточный банк,Владивосток,"ул. Успенского, д. 58"
Банк ВТБ,Владивосток,"ул. Успенского, д. 58"
Дальневосточный банк,Владивосток,"ул. Ульяновская, д. 7"
Газпромбанк,Владивосток,"ул. Ульяновская, д. 7"
Банк ВТБ,Владивосток,"ул. Ульяновская, д. 7"
Авангард,Владивосток,"ул. Ульяновская, д. 7"
МТС Банк,Хабаровск,"ул. Ульяновская, д. 160"
Банк ВТБ,Хабаровск,"ул. Ульяновская, д. 160"
СберБанк,Хабаровск,"ул. Ульяновская, 197, корп. 6"
СберБанк,Хабаровск,"ул. Ульяновская, 160"
Росбанк,Хабаровск,"ул. Узловая, д. 15а"
Банк ВТБ,Хабаровск,"ул. Узловая, д. 15а"
СберБанк,Хабаровск,"ул. Узловая, 15, стр. 4"
СберБанк,Хабаровск,"ул. Уборевича, д. 72"
Банк ВТБ,Хабаровск,"ул. Уборевича, д. 72"
Росгосстрах Банк,Владивосток,"ул. Уборевича, д. 7"
Газпромбанк,Владивосток,"ул. Уборевича, д. 5а"
Росбанк,Владивосток,"ул. Уборевича, д. 11"
СберБанк,Владивосток,"ул. Уборевича, 6"
Примсоцбанк,Владивосток,"ул. Тухачевского, д. 53"
СберБанк,Владивосток,"ул. Тухачевского, 53"
Дальневосточный банк,Хабаровск,"ул. Тургенева, д. 49"
Дальневосточный банк,Хабаровск,"ул. Тургенева, д. 46"
Дальневосточный банк,Хабаровск,"ул. Тургенева, д. 46"
Газпромбанк,Хабаровск,"ул. Тургенева, д. 46"
СберБанк,Хабаровск,"ул. Тургенева, 46"
Росбанк,Хабаровск,"ул. Трехгорная, д. 98"
Дальневосточный банк,Хабаровск,"ул. Трехгорная, д. 98"
Газпромбанк,Хабаровск,"ул. Трехгорная, д. 98"
Банк ВТБ,Хабаровск,"ул. Трехгорная, д. 98"
Банк «Открытие»,Хабаровск,"ул. Трехгорная, д. 98"
СберБанк,Хабаровск,"ул. Трехгорная, 98"
Росбанк,Владивосток,"ул. Трамвайная, д. 14 Б"
Газпромбанк,Владивосток,"ул. Трамвайная, д. 14 Б"
Банк ВТБ,Владивосток,"ул. Трамвайная, д. 12"
СберБанк,Владивосток,"ул. Трамвайная, 16"
Банк ВТБ,Владивосток,"ул. Толстого, д. 32"
Банк «Открытие»,Хабаровск,"ул. Тихоокенская, д. 191а"
СберБанк,Хабаровск,"ул. Тихоокеанская, д. 218 в"
Авангард,Хабаровск,"ул. Тихоокеанская, д. 204"
Совкомбанк,Хабаровск,"ул. Тихоокеанская, д. 201в"
Азиатско-Тихоокеанский Банк,Хабаровск,"ул. Тихоокеанская, д. 201в"
СберБанк,Хабаровск,"ул. Тихоокеанская, д. 191а"
Восточный Банк,Хабаровск,"ул. Тихоокеанская, д. 191а"
Банк ВТБ,Хабаровск,"ул. Тихоокеанская, д. 191"
Банк ВТБ,Хабаровск,"ул. Тихоокеанская, д. 172"
МТС Банк,Хабаровск,"ул. Тихоокеанская, д. 158а"
МТС Банк,Хабаровск,"ул. Тихоокеанская, д. 140"
МТС Банк,Хабаровск,"ул. Тихоокеанская, д. 136"
Банк ВТБ,Хабаровск,"ул. Тихоокеанская, д. 136"
Банк «Открытие»,Хабаровск,"ул. Тихоокеанская, д. 136"
Росбанк,Хабаровск,"ул. Тихоокеанская, д. 134"
МТС Банк,Хабаровск,"ул. Тихоокеанская, д. 130"
СберБанк,Хабаровск,"ул. Тихоокеанская, 170а"
СберБанк,Хабаровск,"ул. Тихоокеанская, 136"
СберБанк,Хабаровск,ул. Тихоокеанская 204
СберБанк,Хабаровск,ул. Тихоокеанская 191 А
СберБанк,Хабаровск,"ул. Тимирязева, д. 65"
Дальневосточный банк,Владивосток,"ул. Тимирязева, д. 31"
СберБанк,Владивосток,"ул. Тимирязева, 31"
Росбанк,Владивосток,"ул. Тигровая, д. 7"
Примсоцбанк,Хабаровск,"ул. Суворова, д. 84"
Газпромбанк,Хабаровск,"ул. Суворова, д. 51а"
Хоум Кредит Банк,Хабаровск,"ул. Суворова, д. 51"
Росбанк,Хабаровск,"ул. Суворова, д. 51"
Промсвязьбанк,Хабаровск,"ул. Суворова, д. 51"
МТС Банк,Хабаровск,"ул. Суворова, д. 51"
Восточный Банк,Хабаровск,"ул. Суворова, д. 51"
Банк «Открытие»,Хабаровск,"ул. Суворова, д. 51"
Азиатско-Тихоокеанский Банк,Хабаровск,"ул. Суворова, д. 49"
Россельхозбанк,Хабаровск,"ул. Суворова, д. 44"
Почта Банк,Хабаровск,"ул. Суворова, д. 44"
Банк «Открытие»,Хабаровск,"ул. Суворова, д. 44"
Банк ВТБ,Хабаровск,"ул. Суворова, д. 42"
Росбанк,Хабаровск,"ул. Суворова, д. 32"
Банк «Открытие»,Хабаровск,"ул. Суворова, д. 28 Б"
СберБанк,Хабаровск,"ул. Суворова, д. 28"
Примсоцбанк,Хабаровск,"ул. Суворова, д. 26"
Тинькофф Банк,Хабаровск,"ул. Суворова, д. 25"
Россельхозбанк,Хабаровск,"ул. Суворова, д. 25"
Росбанк,Хабаровск,"ул. Суворова, д. 25"
Дальневосточный банк,Хабаровск,"ул. Суворова, д. 25"
Газпромбанк,Хабаровск,"ул. Суворова, д. 25"
Восточный Банк,Хабаровск,"ул. Суворова, д. 25"
Банк ВТБ,Хабаровск,"ул. Суворова, д. 25"
Банк «Открытие»,Хабаровск,"ул. Суворова, д. 25"
Промсвязьбанк,Хабаровск,"ул. Суворова, д. 1"
СберБанк,Хабаровск,"ул. Суворова, 80"
СберБанк,Хабаровск,"ул. Суворова, 51"
СберБанк,Хабаровск,"ул. Суворова, 25"
Альфа-Банк,Хабаровск,"ул. Суворова, 25"
Банк ВТБ,Владивосток,"ул. Стрельникова, д. 9"
Дальневосточный банк,Хабаровск,"ул. Стрельникова, д. 8а"
Дальневосточный банк,Владивосток,"ул. Стрельникова, д. 7"
Примсоцбанк,Владивосток,"ул. Стрельникова, д. 3 Б"
Банк ВТБ,Хабаровск,"ул. Стрельникова, д. 16а"
Росбанк,Хабаровск,"ул. Стрельникова, д. 10а"
Банк «Открытие»,Хабаровск,"ул. Стрельникова, д. 10а"
СберБанк,Владивосток,"ул. Стрельникова, 9"
СберБанк,Владивосток,"ул. Стрелочная, 19"
СберБанк,Владивосток,"ул. Станюковича, д. 49а"
СберБанк,Владивосток,"ул. Станюковича, 49, корп. А"
Восточный Банк,Владивосток,"ул. Спортивная, д. 5"
Приморье,Владивосток,"ул. Спортивная, д. 4"
Совкомбанк,Владивосток,"ул. Спортивная, д. 2"
СберБанк,Владивосток,"ул. Спортивная, 5"
СберБанк,Хабаровск,"ул. Советская, 10, корп. 1"
Дальневосточный банк,Владивосток,"ул. Снеговая, д. 64"
Росбанк,Хабаровск,"ул. Слободская, д. 12"
Банк ВТБ,Хабаровск,"ул. Серышева, д. 8"
Росбанк,Хабаровск,"ул. Серышева, д. 60"
Банк «Открытие»,Хабаровск,"ул. Серышева, д. 60"
Совкомбанк,Хабаровск,"ул. Серышева, д. 52"
МТС Банк,Хабаровск,"ул. Серышева, д. 52"
МТС Банк,Хабаровск,"ул. Серышева, д. 47"
Банк ВТБ,Хабаровск,"ул. Серышева, д. 47"
Восточный Банк,Хабаровск,"ул. Серышева, д. 21"
Банк ВТБ,Хабаровск,"ул. Серышева, д. 15"
СберБанк,Хабаровск,"ул. Серышева, 88"
СберБанк,Хабаровск,"ул. Серышева, 42"
Росбанк,Хабаровск,"ул. Сергеевская, д. 26"
СберБанк,Хабаровск,"ул. Сергеевская, 26"
Примтеркомбанк,Владивосток,"ул. Семеновская, д. 6г"
СКБ-Банк,Владивосток,"ул. Семеновская, д. 30"
Приморье,Владивосток,"ул. Семеновская, д. 29"
Банк «Открытие»,Владивосток,"ул. Семеновская, д. 29"
Примсоцбанк,Владивосток,"ул. Семеновская, д. 25"
Совкомбанк,Владивосток,"ул. Семеновская, д. 23"
Восточный Банк,Владивосток,"ул. Семеновская, д. 23"
Московский Областной Банк,Владивосток,"ул. Семеновская, д. 18"
Дальневосточный банк,Владивосток,"ул. Семеновская, д. 15"
Газпромбанк,Владивосток,"ул. Семеновская, д. 15"
Банк «Открытие»,Владивосток,"ул. Семеновская, д. 15"
Приморье,Владивосток,"ул. Семеновская, д. 12"
СберБанк,Владивосток,"ул. Семеновская, 29"
СберБанк,Владивосток,"ул. Семеновская, 15"
Дальневосточный банк,Владивосток,"ул. Светланская, д. 83"
Морской банк,Владивосток,"ул. Светланская, д. 78 Б"
Банк ВТБ,Владивосток,"ул. Светланская, д. 78"
Дальневосточный банк,Владивосток,"ул. Светланская, д. 72"
Восточный Банк,Владивосток,"ул. Светланская, д. 71"
Авангард,Владивосток,"ул. Светланская, д. 69"
Азиатско-Тихоокеанский Банк,Владивосток,"ул. Светланская, д. 56"
Банк «Открытие»,Владивосток,"ул. Светланская, д. 51"
Приморье,Владивосток,"ул. Светланская, д. 47"
Почта Банк,Владивосток,"ул. Светланская, д. 41"
Восточный Банк,Владивосток,"ул. Светланская, д. 37"
Дальневосточный банк,Владивосток,"ул. Светланская, д. 33"
Примсоцбанк,Владивосток,"ул. Светланская, д. 31"
Газпромбанк,Владивосток,"ул. Светланская, д. 29"
Приморье,Владивосток,"ул. Светланская, д. 22"
Газпромбанк,Владивосток,"ул. Светланская, д. 189"
Банк ВТБ,Владивосток,"ул. Светланская, д. 150"
Промсвязьбанк,Владивосток,"ул. Светланская, д. 143"
Приморье,Владивосток,"ул. Светланская, д. 131 Б"
Газпромбанк,Владивосток,"ул. Светланская, д. 13"
Банк ВТБ,Владивосток,"ул. Светланская, д. 13"
Дальневосточный банк,Владивосток,"ул. Светланская, д. 112"
Банк ВТБ,Владивосток,"ул. Светланская, д. 112"
Приморье,Владивосток,"ул. Светланская, д. 11"
Росбанк,Владивосток,"ул. Светланская, д. 106"
Газпромбанк,Владивосток,"ул. Светланская, д. 106"
Восточный Банк,Владивосток,"ул. Светланская, д. 106"
СберБанк,Владивосток,"ул. Светланская, 71"
СберБанк,Владивосток,"ул. Светланская, 45"
СберБанк,Владивосток,"ул. Светланская, 31"
СберБанк,Владивосток,"ул. Светланская, 29"
СберБанк,Владивосток,"ул. Светланская, 22"
СберБанк,Владивосток,"ул. Светланская, 189"
СберБанк,Владивосток,"ул. Светланская, 143"
СберБанк,Владивосток,"ул. Светланская, 106"
СберБанк,Владивосток,ул. Светланская 57
Дальневосточный банк,Владивосток,"ул. Сахалинская, д. 48"
Росбанк,Владивосток,"ул. Сахалинская, д. 42, стр. 5"
Приморье,Владивосток,"ул. Сахалинская, д. 42"
Примсоцбанк,Владивосток,"ул. Сахалинская, д. 27"
Восточный Банк,Владивосток,"ул. Сахалинская, д. 19"
СберБанк,Владивосток,"ул. Сахалинская, 42"
Росбанк,Владивосток,"ул. Садовая, д. 22"
Промсвязьбанк,Владивосток,"ул. Русская, д. 94а"
Приморье,Владивосток,"ул. Русская, д. 94а"
Дальневосточный банк,Владивосток,"ул. Русская, д. 94а"
Примсоцбанк,Владивосток,"ул. Русская, д. 9 Б"
Банк «Открытие»,Владивосток,"ул. Русская, д. 9 Б"
СберБанк,Владивосток,"ул. Русская, д. 87а"
Московский Областной Банк,Владивосток,"ул. Русская, д. 87а"
Банк ВТБ,Владивосток,"ул. Русская, д. 87а"
Примтеркомбанк,Владивосток,"ул. Русская, д. 82"
Газпромбанк,Владивосток,"ул. Русская, д. 74в"
СберБанк,Владивосток,"ул. Русская, д. 74а"
СберБанк,Владивосток,"ул. Русская, д. 74 А"
Росбанк,Владивосток,"ул. Русская, д. 68 Б"
Приморье,Владивосток,"ул. Русская, д. 66"
Приморье,Владивосток,"ул. Русская, д. 65"
Восточный Банк,Владивосток,"ул. Русская, д. 55а"
Банк ВТБ,Владивосток,"ул. Русская, д. 55 Б"
СберБанк,Владивосток,"ул. Русская, д. 46, стр. Б"
Росбанк,Владивосток,"ул. Русская, д. 46"
Дальневосточный банк,Владивосток,"ул. Русская, д. 44"
Азиатско-Тихоокеанский Банк,Владивосток,"ул. Русская, д. 44"
Примсоцбанк,Владивосток,"ул. Русская, д. 41а"
СберБанк,Владивосток,"ул. Русская, д. 4"
Банк ВТБ,Владивосток,"ул. Русская, д. 39 Б"
Восточный Банк,Владивосток,"ул. Русская, д. 37а"
Хоум Кредит Банк,Владивосток,"ул. Русская, д. 35"
Приморье,Владивосток,"ул. Русская, д. 2к"
Газпромбанк,Владивосток,"ул. Русская, д. 2к"
Банк «Открытие»,Владивосток,"ул. Русская, д. 2к"
СберБанк,Владивосток,"ул. Русская, д. 2а"
СберБанк,Владивосток,"ул. Русская, д. 19в"
Газпромбанк,Владивосток,"ул. Русская, д. 19в"
Совкомбанк,Владивосток,"ул. Русская, д. 19а"
Дальневосточный банк,Владивосток,"ул. Русская, д. 19а"
Морской банк,Владивосток,"ул. Русская, д. 16"
СберБанк,Владивосток,"ул. Русская, 66"
СберБанк,Владивосток,"ул. Русская, 16"
Почта Банк,Хабаровск,"ул. Руднева, д. 81"
МТС Банк,Хабаровск,"ул. Руднева, д. 56"
Банк ВТБ,Хабаровск,"ул. Руднева, д. 56"
Совкомбанк,Хабаровск,"ул. Руднева, д. 33"
СберБанк,Хабаровск,"ул. Руднева, 79"
СберБанк,Хабаровск,"ул. Руднева, 56"
Росбанк,Хабаровск,"ул. Ремесленная, д. 9"
СберБанк,Владивосток,"ул. Радио, 5"
Азиатско-Тихоокеанский Банк,Хабаровск,"ул. Пушкина, д. 70"
Банк «Открытие»,Хабаровск,"ул. Пушкина, д. 66"
МТС Банк,Хабаровск,"ул. Пушкина, д. 42"
Банк ВТБ,Хабаровск,"ул. Пушкина, д. 42"
СберБанк,Хабаровск,"ул. Пушкина, 54"
СберБанк,Хабаровск,ул. Пушкина 31
МТС Банк,Хабаровск,"ул. Профессора Даниловского, д. 6 Б"
СберБанк,Хабаровск,"ул. Профессора Даниловского, д. 16а"
Альфа-Банк,Хабаровск,"ул. профессора Даниловского, 6Б"
СберБанк,Хабаровск,"ул. Профессора Даниловского, 16, корп. А"
МТС Банк,Хабаровск,"ул. Производственная, д. 2"
МТС Банк,Хабаровск,"ул. Прогрессивная, д. 6"
СберБанк,Хабаровск,"ул. Прогрессивная, 6"
СберБанк,Владивосток,"ул. Прапорщика Комарова, 36"
ББР Банк,Владивосток,"ул. Посьетская, д. 21"
Дальневосточный банк,Владивосток,"ул. Посьетская, д. 20"
Приморье,Владивосток,"ул. Посьетская, д. 14"
СберБанк,Владивосток,"ул. Посьетская, 14"
Дальневосточный банк,Хабаровск,"ул. Портовая, д. 1"
Дальневосточный банк,Владивосток,"ул. Полетаева, д. 6д"
Газпромбанк,Владивосток,"ул. Полетаева, д. 6д"
Банк «Открытие»,Владивосток,"ул. Полетаева, д. 6д"
СберБанк,Владивосток,"ул. Полетаева, д. 6"
Восточный Банк,Владивосток,"ул. Полетаева, д. 6"
Банк ВТБ,Владивосток,"ул. Полетаева, д. 6"
СберБанк,Владивосток,ул. Полетаева 6 Д
СберБанк,Владивосток,"ул. Пихтовая, 4"
Россельхозбанк,Хабаровск,"ул. Пионерская, д. 10а"
Банк ВТБ,Хабаровск,"ул. Пионерская, д. 10а"
СберБанк,Владивосток,"ул. Пионерская, 1"
Дальневосточный банк,Владивосток,"ул. Петра Великого, д. 2"
Банк «Открытие»,Владивосток,"ул. Петра Великого, д. 2"
Банк ВТБ,Хабаровск,"ул. Панфиловцев, д. 37"
МТС Банк,Хабаровск,"ул. Панфиловцев, д. 34"
СберБанк,Хабаровск,"ул. Панфиловцев, д. 14 Б"
СберБанк,Хабаровск,"ул. Панфиловцев, 14, корп. Б"
Приморье,Владивосток,"ул. Пальчевского, д. 17"
Примсоцбанк,Хабаровск,"ул. Павловича, д. 13"
МТС Банк,Хабаровск,"ул. Павловича, д. 1 Б"
Дальневосточный банк,Хабаровск,"ул. Павла Морозова, д. 62"
Восточный Банк,Владивосток,"ул. Олега Кошевого, д. 29"
Газпромбанк,Владивосток,"ул. Олега Кошевого, д. 1в"
СберБанк,Владивосток,"ул. Олега Кошевого, д. 1 Б"
Банк ВТБ,Хабаровск,"ул. Окружная, д. 13а"
Банк «Открытие»,Хабаровск,"ул. Окружная, д. 13а"
СберБанк,Хабаровск,"ул. Окружная, 15"
Росбанк,Владивосток,"ул. Окатовая, д. 28"
Приморье,Владивосток,"ул. Окатовая, д. 12а"
СберБанк,Владивосток,"ул. Окатовая, 28"
Росбанк,Владивосток,"ул. Новоивановская, д. 3"
Примсоцбанк,Владивосток,"ул. Новоивановская, д. 3"
Восточный Банк,Владивосток,"ул. Новоивановская, д. 3"
Примсоцбанк,Владивосток,"ул. Новожилова, д. 19"
Банк «Открытие»,Хабаровск,"ул. Нововыборгская, д. 25"
СберБанк,Хабаровск,"ул. Нововыборгская, 25"
Примсоцбанк,Владивосток,"ул. Нижнепортовая, д. 1"
СберБанк,Владивосток,"ул. Нижнепортовая, 1"
Росбанк,Владивосток,"ул. Некрасовская, д. 98"
Россельхозбанк,Владивосток,"ул. Некрасовская, д. 76"
Почта Банк,Владивосток,"ул. Некрасовская, д. 72"
Азиатско-Тихоокеанский Банк,Владивосток,"ул. Некрасовская, д. 59"
Дальневосточный банк,Владивосток,"ул. Некрасовская, д. 29"
Приморье,Владивосток,"ул. Некрасовская, д. 122"
Банк ВТБ,Владивосток,"ул. Некрасовская, д. 122"
СберБанк,Владивосток,"ул. Некрасовская, 94"
СберБанк,Владивосток,"ул. Некрасовская, 76"
Дальневосточный банк,Владивосток,"ул. Нейбута, д. 51"
Газпромбанк,Владивосток,"ул. Нейбута, д. 51"
Банк ВТБ,Владивосток,"ул. Нейбута, д. 51"
СберБанк,Владивосток,"ул. Нейбута, д. 47а"
Росбанк,Владивосток,"ул. Нейбута, д. 47"
Примсоцбанк,Владивосток,"ул. Нейбута, д. 47"
Приморье,Владивосток,"ул. Нейбута, д. 47"
Московский Областной Банк,Владивосток,"ул. Нейбута, д. 47"
Московский Областной Банк,Владивосток,"ул. Нейбута, д. 31"
СберБанк,Владивосток,"ул. Нейбута, 53 стр. а"
СберБанк,Владивосток,"ул. Нейбута, 51"
Альфа-Банк,Владивосток,"ул. Нейбута, 47"
СберБанк,Владивосток,"ул. Нейбута, 31"
Дальневосточный банк,Владивосток,"ул. Набережная, д. 20"
Банк ВТБ,Владивосток,"ул. Набережная, д. 10"
СберБанк,Владивосток,"ул. Набережная, 3"
Восточный Банк,Хабаровск,"ул. Муравьева-Амурского, д. 9"
Дальневосточный банк,Хабаровск,"ул. Муравьева-Амурского, д. 7"
Почта Банк,Хабаровск,"ул. Муравьева-Амурского, д. 50"
Хоум Кредит Банк,Хабаровск,"ул. Муравьева-Амурского, д. 44"
Россельхозбанк,Хабаровск,"ул. Муравьева-Амурского, д. 44"
Дальневосточный банк,Хабаровск,"ул. Муравьева-Амурского, д. 44"
Восточный Банк,Хабаровск,"ул. Муравьева-Амурского, д. 44"
Банк «Открытие»,Хабаровск,"ул. Муравьева-Амурского, д. 34"
Банк «Открытие»,Хабаровск,"ул. Муравьева-Амурского, д. 26"
Росбанк,Хабаровск,"ул. Муравьева-Амурского, д. 23"
Банк ВТБ,Хабаровск,"ул. Муравьева-Амурского, д. 18"
Банк ВТБ,Хабаровск,"ул. Муравьева-Амурского, д. 18"
Роял Кредит Банк,Хабаровск,"ул. Муравьева-Амурского, д. 11"
СберБанк,Владивосток,"ул. Муравьева-Амурского, д. 1, стр. Б"
СберБанк,Хабаровск,"ул. Муравьева-Амурского, 44"
Альфа-Банк,Хабаровск,"ул. Муравьева-Амурского, 36"
СберБанк,Хабаровск,"ул. Муравьева-Амурского, 23"
СберБанк,Хабаровск,"ул. Муравьева-Амурского, 19"
СберБанк,Хабаровск,ул. Муравьева-Амурского 7
Банк ВТБ,Хабаровск,"ул. Муравьева Амурского, д. 32"
Почта Банк,Хабаровск,"ул. Муравьева Амурского, д. 28"
Банк ВТБ,Хабаровск,"ул. Морозова, д. 91"
Росбанк,Хабаровск,"ул. Морозова, д. 86"
Банк ВТБ,Владивосток,"ул. Морозова, д. 7а"
Банк «Открытие»,Хабаровск,"ул. Морозова, д. 58ж"
Росбанк,Хабаровск,"ул. Морозова, д. 58"
Банк ВТБ,Хабаровск,"ул. Морозова, д. 58"
Банк «Открытие»,Хабаровск,"ул. Морозова, д. 128 Б"
СберБанк,Хабаровск,"ул. Морозова Павла Леонтьевича, д. 86"
СберБанк,Хабаровск,"ул. Морозова Павла Леонтьевича, 58"
Альфа-Банк,Хабаровск,"ул. Морозова Павла Леонтьевича, 58"
СберБанк,Хабаровск,"ул. Морозова Павла Леонтьевича, 118"
Росбанк,Владивосток,"ул. Мордовцева, д. 6"
СберБанк,Владивосток,"ул. Мордовцева, 3"
СберБанк,Хабаровск,"ул. Молодежная, 23"
Росбанк,Хабаровск,"ул. Металлистов, д. 24"
СберБанк,Хабаровск,"ул. Металлистов, 18"
СберБанк,Хабаровск,"ул. Малиновского, 33"
Росбанк,Владивосток,"ул. Маковского, д. 56а"
Примсоцбанк,Владивосток,"ул. Маковского, д. 56а"
Приморье,Владивосток,"ул. Маковского, д. 56а"
Приморье,Владивосток,"ул. Маковского, д. 284"
Дальневосточный банк,Владивосток,"ул. Маковского, д. 224"
СберБанк,Владивосток,"ул. Маковского, 85"
СберБанк,Владивосток,"ул. Маковского, 121"
СберБанк,Владивосток,"ул. Магнитогорская, д. 11а"
СберБанк,Владивосток,"ул. Магнитогорская, 16"
Банк ВТБ,Хабаровск,"ул. Магаданская, д. 35а"
Роял Кредит Банк,Хабаровск,"ул. Льва Толстого, д. 8а"
СберБанк,Хабаровск,"ул. Льва Толстого, д. 19а"
Газпромбанк,Хабаровск,"ул. Льва Толстого, д. 19"
Восточный Банк,Хабаровск,"ул. Льва Толстого, д. 19"
Банк ВТБ,Хабаровск,"ул. Льва Толстого, д. 19"
Солид Банк,Хабаровск,"ул. Льва Толстого, д. 12"
Дальневосточный банк,Владивосток,"ул. Луговая, д. 91"
Банк ВТБ,Владивосток,"ул. Луговая, д. 91"
СберБанк,Владивосток,"ул. Луговая, д. 89а"
Примтеркомбанк,Владивосток,"ул. Луговая, д. 18"
Примсоцбанк,Владивосток,"ул. Луговая, д. 18"
Приморье,Владивосток,"ул. Луговая, д. 18"
Дальневосточный банк,Владивосток,"ул. Луговая, д. 18"
СберБанк,Владивосток,"ул. Луговая, 89, стр. А"
СберБанк,Владивосток,"ул. Луговая, 69"
СберБанк,Владивосток,"ул. Луговая, 21"
СберБанк,Владивосток,ул. Луговая 91
СберБанк,Владивосток,"ул. Лермонтова, д. 75"
Почта Банк,Хабаровск,"ул. Лермонтова, д. 17"
СберБанк,Хабаровск,"ул. Ленинградская, д. 9а"
СберБанк,Хабаровск,"ул. Ленинградская, д. 9 А"
Газпромбанк,Хабаровск,"ул. Ленинградская, д. 81"
Восточный Банк,Хабаровск,"ул. Ленинградская, д. 62"
Россельхозбанк,Хабаровск,"ул. Ленинградская, д. 58"
МТС Банк,Хабаровск,"ул. Ленинградская, д. 51"
МТС Банк,Хабаровск,"ул. Ленинградская, д. 51"
Дальневосточный банк,Хабаровск,"ул. Ленинградская, д. 28и"
Газпромбанк,Хабаровск,"ул. Ленинградская, д. 28и"
Банк «Открытие»,Хабаровск,"ул. Ленинградская, д. 28и"
Россельхозбанк,Хабаровск,"ул. Ленинградская, д. 28"
МТС Банк,Хабаровск,"ул. Ленинградская, д. 28"
Восточный Банк,Хабаровск,"ул. Ленинградская, д. 28"
Банк ВТБ,Хабаровск,"ул. Ленинградская, д. 28"
СберБанк,Хабаровск,"ул. Ленинградская, 81"
СберБанк,Хабаровск,"ул. Ленинградская, 58"
СберБанк,Хабаровск,"ул. Ленинградская, 28"
Приморье,Хабаровск,"ул. Ленина, д. 75"
Банк ВТБ,Хабаровск,"ул. Ленина, д. 71"
Восточный Банк,Хабаровск,"ул. Ленина, д. 70"
Совкомбанк,Хабаровск,"ул. Ленина, д. 61"
Банк ВТБ,Хабаровск,"ул. Ленина, д. 57"
Банк «Открытие»,Хабаровск,"ул. Ленина, д. 49"
Авангард,Хабаровск,"ул. Ленина, д. 49"
Банк ВТБ,Хабаровск,"ул. Ленина, д. 48"
МТС Банк,Хабаровск,"ул. Ленина, д. 44"
Росбанк,Хабаровск,"ул. Ленина, д. 43а"
СберБанк,Хабаровск,"ул. Ленина, д. 43, стр. 2"
Восточный Банк,Хабаровск,"ул. Ленина, д. 41"
Примсоцбанк,Хабаровск,"ул. Ленина, д. 33"
МТС Банк,Хабаровск,"ул. Ленина, д. 32"
Дальневосточный банк,Хабаровск,"ул. Ленина, д. 29"
Банк ВТБ,Хабаровск,"ул. Ленина, д. 24"
Банк ВТБ,Хабаровск,"ул. Ленина, д. 18в"
Банк «Открытие»,Хабаровск,"ул. Ленина, д. 18"
СберБанк,Хабаровск,"ул. Ленина, 85"
СберБанк,Хабаровск,"ул. Ленина, 69"
Альфа-Банк,Хабаровск,"ул. Ленина, 43"
СберБанк,Хабаровск,"ул. Ленина, 33"
СберБанк,Хабаровск,"ул. Ленина, 29"
СберБанк,Хабаровск,"ул. Ленина, 25"
Россельхозбанк,Хабаровск,"ул. Лейтенанта Шмидта, д. 2"
СберБанк,Владивосток,"ул. Лазурная, 19"
Росбанк,Владивосток,"ул. Ладыгина, д. 15а"
Приморье,Владивосток,"ул. Ладыгина, д. 15а"
СберБанк,Владивосток,"ул. Ладыгина, 15"
Примсоцбанк,Владивосток,"ул. Крыгина, д. 3"
Росбанк,Владивосток,"ул. Крыгина, д. 23"
Примсоцбанк,Владивосток,"ул. Крыгина, д. 23"
Приморье,Владивосток,"ул. Крыгина, д. 23"
Газпромбанк,Владивосток,"ул. Крыгина, д. 23"
Банк ВТБ,Владивосток,"ул. Крыгина, д. 23"
СберБанк,Владивосток,"ул. Крыгина, 23"
СберБанк,Владивосток,ул. Крыгина 16
Авангард,Хабаровск,"ул. Краснореченская, д. 97а"
Банк ВТБ,Хабаровск,"ул. Краснореченская, д. 96"
Дальневосточный банк,Хабаровск,"ул. Краснореченская, д. 92"
Банк «Открытие»,Хабаровск,"ул. Краснореченская, д. 92"
СберБанк,Хабаровск,"ул. Краснореченская, д. 90"
Банк ВТБ,Хабаровск,"ул. Краснореченская, д. 90"
МТС Банк,Хабаровск,"ул. Краснореченская, д. 9"
Банк ВТБ,Хабаровск,"ул. Краснореченская, д. 9"
Восточный Банк,Хабаровск,"ул. Краснореченская, д. 69"
Азиатско-Тихоокеанский Банк,Хабаровск,"ул. Краснореченская, д. 69"
Совкомбанк,Хабаровск,"ул. Краснореченская, д. 46а"
Промсвязьбанк,Хабаровск,"ул. Краснореченская, д. 44"
МТС Банк,Хабаровск,"ул. Краснореченская, д. 44"
Банк ВТБ,Хабаровск,"ул. Краснореченская, д. 44"
Азиатско-Тихоокеанский Банк,Хабаровск,"ул. Краснореченская, д. 207"
Банк ВТБ,Хабаровск,"ул. Краснореченская, д. 193"
СберБанк,Хабаровск,"ул. Краснореченская, д. 169а"
МТС Банк,Хабаровск,"ул. Краснореченская, д. 169а"
Газпромбанк,Хабаровск,"ул. Краснореченская, д. 159"
Восточный Банк,Хабаровск,"ул. Краснореченская, д. 131а"
Банк «Открытие»,Хабаровск,"ул. Краснореченская, д. 100"
СберБанк,Хабаровск,"ул. Краснореченская, 92"
СберБанк,Хабаровск,"ул. Краснореченская, 9"
СберБанк,Хабаровск,"ул. Краснореченская, 81"
СберБанк,Хабаровск,"ул. Краснореченская, 44"
СберБанк,Хабаровск,"ул. Краснореченская, 209"
СберБанк,Хабаровск,"ул. Краснореченская, 193"
СберБанк,Хабаровск,"ул. Краснореченская, 159"
СберБанк,Хабаровск,"ул. Краснореченская, 157"
СберБанк,Хабаровск,"ул. Краснореченская, 111, корп. В"
СберБанк,Хабаровск,"ул. Краснореченская, 109, стр. Б"
Банк ВТБ,Хабаровск,"ул. Краснодарская, д. 9"
Банк ВТБ,Хабаровск,"ул. Королева, д. 8"
МТС Банк,Хабаровск,"ул. Королева, д. 7"
Банк ВТБ,Хабаровск,"ул. Комсомольская, д. 67"
ТрансКапиталБанк,Хабаровск,"ул. Комсомольская, д. 102"
Росгосстрах Банк,Хабаровск,"ул. Комсомольская, д. 100"
Банк ВТБ,Хабаровск,"ул. Клубная, д. 23"
Приморье,Владивосток,"ул. Кирова, д. 9"
Примсоцбанк,Владивосток,"ул. Кирова, д. 23"
СберБанк,Владивосток,"ул. Кирова, д. 21в"
Дальневосточный банк,Владивосток,"ул. Кипарисовая, д. 18"
Банк «Открытие»,Хабаровск,"ул. Ким Ю Чена, д. 47"
Дальневосточный банк,Хабаровск,"ул. Ким Ю Чена, д. 44"
Газпромбанк,Хабаровск,"ул. Ким Ю Чена, д. 44"
Восточный Банк,Хабаровск,"ул. Ким Ю Чена, д. 44"
Росбанк,Хабаровск,"ул. Ким Ю Чена, д. 26"
Банк ВТБ,Хабаровск,"ул. Ким Ю Чена, д. 15"
СберБанк,Хабаровск,"ул. Ким Ю Чена, 47"
СберБанк,Хабаровск,"ул. Ким Ю Чена, 44"
Альфа-Банк,Хабаровск,"ул. Карла-Маркса, 92"
Альфа-Банк,Хабаровск,"ул. Карла-Маркса, 76"
Дальневосточный банк,Хабаровск,"ул. Карла Маркса, д. 96а"
Росбанк,Хабаровск,"ул. Карла Маркса, д. 91"
МТС Банк,Хабаровск,"ул. Карла Маркса, д. 91"
Дальневосточный банк,Хабаровск,"ул. Карла Маркса, д. 91"
Газпромбанк,Хабаровск,"ул. Карла Маркса, д. 91"
Восточный Банк,Хабаровск,"ул. Карла Маркса, д. 91"
Банк ВТБ,Хабаровск,"ул. Карла Маркса, д. 91"
Банк «Открытие»,Хабаровск,"ул. Карла Маркса, д. 91"
Газпромбанк,Хабаровск,"ул. Карла Маркса, д. 76а"
Росбанк,Хабаровск,"ул. Карла Маркса, д. 76"
Банк ВТБ,Хабаровск,"ул. Карла Маркса, д. 76"
Газпромбанк,Хабаровск,"ул. Карла Маркса, д. 68"
Банк «Открытие»,Хабаровск,"ул. Карла Маркса, д. 68"
Тинькофф Банк,Хабаровск,"ул. Карла Маркса, д. 59"
Банк ВТБ,Хабаровск,"ул. Карла Маркса, д. 59"
Банк ВТБ,Хабаровск,"ул. Карла Маркса, д. 56"
Русский Стандарт,Хабаровск,"ул. Карла Маркса, д. 49"
Газпромбанк,Хабаровск,"ул. Карла Маркса, д. 144г"
Банк «Открытие»,Хабаровск,"ул. Карла Маркса, д. 143е"
СберБанк,Хабаровск,"ул. Карла Маркса, д. 143г"
Почта Банк,Хабаровск,"ул. Карла Маркса, д. 143г"
Восточный Банк,Хабаровск,"ул. Карла Маркса, д. 143а"
Азиатско-Тихоокеанский Банк,Хабаровск,"ул. Карла Маркса, д. 143а"
Росбанк,Хабаровск,"ул. Карла Маркса, д. 114"
СберБанк,Хабаровск,"ул. Карла Маркса, 91"
Альфа-Банк,Хабаровск,"ул. Карла Маркса, 91"
СберБанк,Хабаровск,"ул. Карла Маркса, 76"
СберБанк,Хабаровск,"ул. Карла Маркса, 74"
СберБанк,Хабаровск,"ул. Карла Маркса, 60"
СберБанк,Хабаровск,"ул. Карла Маркса, 59"
Альфа-Банк,Хабаровск,"ул. Карла Маркса, 41"
СберБанк,Хабаровск,"ул. Карла Маркса, 114"
СберБанк,Хабаровск,ул. Карла Маркса 143Г
Московский Областной Банк,Владивосток,"ул. Карла Жигура, д. 26"
Банк «Открытие»,Владивосток,"ул. Каплунова, д. 7"
Почта Банк,Владивосток,"ул. Каплунова, д. 1"
Банк «Открытие»,Владивосток,"ул. Капитана Шефнера, д. 2"
Банк ВТБ,Хабаровск,"ул. Калинина, д. 66"
Приморье,Владивосток,"ул. Калинина, д. 42"
Совкомбанк,Владивосток,"ул. Калинина, д. 281"
Примсоцбанк,Владивосток,"ул. Калинина, д. 277"
Банк ВТБ,Владивосток,"ул. Калинина, д. 277"
СберБанк,Владивосток,"ул. Калинина, д. 275а"
Примсоцбанк,Владивосток,"ул. Калинина, д. 275а"
Приморье,Владивосток,"ул. Калинина, д. 275а"
Азиатско-Тихоокеанский Банк,Владивосток,"ул. Калинина, д. 275а"
Авангард,Владивосток,"ул. Калинина, д. 275, корп. 19"
Газпромбанк,Владивосток,"ул. Калинина, д. 275 Б"
Росбанк,Владивосток,"ул. Калинина, д. 275"
Примсоцбанк,Владивосток,"ул. Калинина, д. 275"
Банк «Открытие»,Владивосток,"ул. Калинина, д. 275"
Дальневосточный банк,Владивосток,"ул. Калинина, д. 230"
Приморье,Владивосток,"ул. Калинина, д. 23"
Россельхозбанк,Хабаровск,"ул. Калинина, д. 120"
СберБанк,Владивосток,"ул. Калинина, 29"
СберБанк,Хабаровск,"ул. Калинина, 28"
СберБанк,Владивосток,"ул. Калинина, 277"
СберБанк,Владивосток,"ул. Калинина, 275"
Альфа-Банк,Владивосток,"ул. Калинина, 275"
СберБанк,Владивосток,"ул. Калинина, 20"
СберБанк,Хабаровск,"ул. Калинина, 111"
Восточный Банк,Хабаровск,"ул. Калараша, д. 3"
СберБанк,Хабаровск,"ул. Калараша, д. 29а"
Почта Банк,Хабаровск,"ул. Калараша, д. 15"
Банк «Открытие»,Хабаровск,"ул. Калараша, д. 1"
СберБанк,Хабаровск,"ул. Калараша, 15"
МТС Банк,Хабаровск,"ул. Истомина, д. 85"
СберБанк,Хабаровск,"ул. Истомина, д. 56а"
Газпромбанк,Хабаровск,"ул. Истомина, д. 51а"
СберБанк,Хабаровск,"ул. Индустриальная, д. 1 Б"
Приморье,Владивосток,"ул. Ильичева, д. 4"
Газпромбанк,Владивосток,"ул. Ильичева, д. 4"
СберБанк,Владивосток,"ул. Ильичева, д. 11а"
СберБанк,Владивосток,"ул. Ильичева, 4"
СберБанк,Владивосток,"ул. Ильичева, 16"
Росбанк,Владивосток,"ул. Ивановская, д. 4"
Банк ВТБ,Владивосток,"ул. Ивановская, д. 4"
Росбанк,Владивосток,"ул. Зои Космодемьянской, д. 7"
Примсоцбанк,Владивосток,"ул. Зои Космодемьянской, д. 5"
Приморье,Владивосток,"ул. Зои Космодемьянской, д. 16"
СберБанк,Владивосток,"ул. Зои Космодемьянской, 7"
СКБ-Банк,Хабаровск,"ул. Запарина, д. 86"
Промсвязьбанк,Хабаровск,"ул. Запарина, д. 57"
МТС Банк,Хабаровск,"ул. Запарина, д. 130"
СберБанк,Хабаровск,"ул. Запарина, 130"
СберБанк,Хабаровск,"ул. Запарина, 1"
МТС Банк,Хабаровск,"ул. Забайкальская, д. 10"
Дальневосточный банк,Владивосток,"ул. Жигура, д. 32"
Авангард,Владивосток,"ул. Жигура, д. 26"
СберБанк,Владивосток,"ул. Жигура, 46"
СберБанк,Владивосток,"ул. Жигура, 26"
Приморье,Владивосток,"ул. Добровольского, д. 31"
СберБанк,Владивосток,"ул. Добровольского, 5"
Приморье,Владивосток,"ул. Днепровская, д. 36"
Банк ВТБ,Владивосток,"ул. Днепровская, д. 36"
СберБанк,Хабаровск,"ул. Дикопольцева, д. 26а"
МТС Банк,Хабаровск,"ул. Дикопольцева, д. 26"
Банк ВТБ,Хабаровск,"ул. Дикопольцева, д. 26"
Газпромбанк,Хабаровск,"ул. Дикопольцева, д. 12"
МТС Банк,Хабаровск,"ул. Дзержинского, д. 65"
Авангард,Хабаровск,"ул. Дзержинского, д. 65"
Приморье,Хабаровск,"ул. Дзержинского, д. 56"
МТС Банк,Хабаровск,"ул. Дзержинского, д. 23"
Банк ВТБ,Хабаровск,"ул. Джамбула, д. 36"
Росбанк,Хабаровск,"ул. Джамбула, д. 13"
СберБанк,Хабаровск,"ул. Джамбула, 81"
СберБанк,Хабаровск,"ул. Джамбула, 36"
Дальневосточный банк,Владивосток,"ул. Деревенская, д. 14"
Банк ВТБ,Владивосток,"ул. Деревенская, д. 14"
СберБанк,Владивосток,"ул. Деревенская, 14"
Почта Банк,Хабаровск,"ул. Демьяна Бедного, д. 27"
Дальневосточный банк,Владивосток,"ул. Дальзаводская, д. 4"
Промсвязьбанк,Владивосток,"ул. Дальзаводская, д. 2"
Приморье,Владивосток,"ул. Дальзаводская, д. 2"
Банк Интеза,Владивосток,"ул. Дальзаводская, д. 1"
СберБанк,Владивосток,"ул. Дальзаводская, 2"
СберБанк,Владивосток,"ул. Давыдова, 18"
Примсоцбанк,Владивосток,"ул. Гоголя, д. 39а"
Приморье,Владивосток,"ул. Гоголя, д. 39а"
МТС Банк,Хабаровск,"ул. Гоголя, д. 27"
СберБанк,Владивосток,"ул. Гоголя, 41"
Газпромбанк,Владивосток,"ул. Героев-Тихоокеанцев, д. 1"
Почта Банк,Владивосток,"ул. Героев Хасана, д. 4"
СберБанк,Владивосток,"ул. Героев Хасана, 4"
СберБанк,Владивосток,"ул. Героев Тихоокеанцев, д. 5а"
Примсоцбанк,Владивосток,"ул. Героев Тихоокеанцев, д. 5а"
Приморье,Владивосток,"ул. Героев Тихоокеанцев, д. 5а"
Дальневосточный банк,Владивосток,"ул. Героев Тихоокеанцев, д. 5а"
Банк ВТБ,Владивосток,"ул. Героев Тихоокеанцев, д. 5а"
СберБанк,Владивосток,"ул. Героев Тихоокеанцев, д. 1"
Приморье,Владивосток,"ул. Героев Варяга, д. 12"
СберБанк,Хабаровск,"ул. Гамарника, 12"
Росбанк,Хабаровск,"ул. Гагарина, д. 9"
Почта Банк,Хабаровск,"ул. Гагарина, д. 9"
Банк «Открытие»,Хабаровск,"ул. Гагарина, д. 9"
Восточный Банк,Хабаровск,"ул. Гагарина, д. 14"
МТС Банк,Хабаровск,"ул. Гагарина, д. 11"
СберБанк,Хабаровск,"ул. Гагарина, 11"
Почта Банк,Хабаровск,"ул. Вяземская, д. 3"
СберБанк,Хабаровск,"ул. Ворошилова, д. 35 Б"
СберБанк,Хабаровск,"ул. Ворошилова, д. 29 Б"
Дальневосточный банк,Хабаровск,"ул. Ворошилова, д. 29 Б"
Банк ВТБ,Хабаровск,"ул. Ворошилова, д. 28"
Почта Банк,Хабаровск,"ул. Ворошилова, д. 10"
Банк ВТБ,Хабаровск,"ул. Воронежская, д. 49"
Россельхозбанк,Хабаровск,"ул. Воронежская, д. 47а"
Банк «Открытие»,Хабаровск,"ул. Воронежская, д. 47а"
Газпромбанк,Хабаровск,"ул. Воронежская, д. 47/1"
Банк «Открытие»,Хабаровск,"ул. Воронежская, д. 31"
Дальневосточный банк,Хабаровск,"ул. Воронежская, д. 19а"
Промсвязьбанк,Хабаровск,"ул. Воронежская, д. 19"
СберБанк,Хабаровск,"ул. Воронежская, 49"
СберБанк,Хабаровск,"ул. Воронежская, 31"
Банк ВТБ,Хабаровск,"ул. Воровского, д. 10"
СберБанк,Хабаровск,"ул. Воровского, 21"
Банк ВТБ,Хабаровск,"ул. Волочаевская, д. 9а"
СберБанк,Хабаровск,"ул. Волочаевская, д. 9 а"
СберБанк,Хабаровск,"ул. Волочаевская, д. 8е"
Банк «Открытие»,Хабаровск,"ул. Волочаевская, д. 85/1"
МТС Банк,Хабаровск,"ул. Волочаевская, д. 33"
Почта Банк,Хабаровск,"ул. Волочаевская, д. 188"
Алмазэргиэнбанк,Хабаровск,"ул. Волочаевская, д. 163"
Банк ВТБ,Хабаровск,"ул. Волочаевская, д. 148"
ОТП Банк,Хабаровск,"ул. Волочаевская, д. 104а"
СберБанк,Хабаровск,"ул. Волочаевская, 33"
СберБанк,Хабаровск,ул. Волочаевская 85 корп. 1
Росбанк,Владивосток,"ул. Волгоградская, д. 7а"
Приморье,Владивосток,"ул. Волгоградская, д. 7а"
СберБанк,Владивосток,"ул. Волгоградская, д. 19а"
СберБанк,Владивосток,"ул. Волгоградская, 20"
СберБанк,Владивосток,"ул. Волгоградская, 19, корп. А"
Банк ВТБ,Хабаровск,"ул. Владивостокская, д. 61а"
Банк «Открытие»,Хабаровск,"ул. Владивостокская, д. 61"
СберБанк,Хабаровск,"ул. Владивостокская, 61"
СберБанк,Владивосток,"ул. Вилкова, д. 9"
Дальневосточный банк,Владивосток,"ул. Вилкова, д. 5"
Почта Банк,Владивосток,"ул. Вилкова, д. 3"
СберБанк,Владивосток,"ул. Вилкова, 5"
Приморье,Владивосток,"ул. Верхнепортовая, д. 76"
СберБанк,Владивосток,"ул. Верхнепортовая, д. 50а"
Банк ВТБ,Владивосток,"ул. Верхнепортовая, д. 46"
Банк «Открытие»,Владивосток,"ул. Верхнепортовая, д. 38"
Росбанк,Владивосток,"ул. Верхнепортовая, д. 2г"
СберБанк,Владивосток,"ул. Верхнепортовая, д. 2а"
Дальневосточный банк,Владивосток,"ул. Верхнепортовая, д. 27а"
Банк ВТБ,Владивосток,"ул. Верхнепортовая, д. 1"
Росбанк,Хабаровск,"ул. Вахова, д. 2"
Восточный Банк,Хабаровск,"ул. Вахова, д. 2"
Банк ВТБ,Хабаровск,"ул. Вахова, д. 2"
СберБанк,Хабаровск,"ул. Вахова, 2"
Почта Банк,Хабаровск,"ул. Брестская, д. 22"
СберБанк,Хабаровск,"ул. Брестская, 4"
Приморье,Владивосток,"ул. Бородинская, д. 46/50"
Приморье,Владивосток,"ул. Бородинская, д. 14"
Дальневосточный банк,Владивосток,"ул. Бородинская, д. 14"
СберБанк,Владивосток,"ул. Бородинская, 14"
Роял Кредит Банк,Владивосток,"ул. Борисенко, д. 9"
Приморье,Владивосток,"ул. Борисенко, д. 42"
Банк ВТБ,Владивосток,"ул. Борисенко, д. 42"
Росбанк,Владивосток,"ул. Борисенко, д. 35"
Приморье,Владивосток,"ул. Борисенко, д. 35"
Дальневосточный банк,Владивосток,"ул. Борисенко, д. 35"
Совкомбанк,Владивосток,"ул. Борисенко, д. 32"
Дальневосточный банк,Владивосток,"ул. Борисенко, д. 27"
Примсоцбанк,Владивосток,"ул. Борисенко, д. 25"
Азиатско-Тихоокеанский Банк,Владивосток,"ул. Борисенко, д. 21"
СберБанк,Владивосток,"ул. Борисенко, 42"
СберБанк,Владивосток,"ул. Борисенко, 35"
СберБанк,Владивосток,"ул. Борисенко, 16"
МТС Банк,Хабаровск,"ул. Бондаря, д. 6а"
Банк «Открытие»,Хабаровск,"ул. Большая, д. 99"
Газпромбанк,Хабаровск,"ул. Большая, д. 88"
СберБанк,Хабаровск,"ул. Большая, д. 87д"
Банк ВТБ,Хабаровск,"ул. Большая, д. 122"
СберБанк,Хабаровск,"ул. Большая, 88"
СберБанк,Хабаровск,"ул. Большая, 7"
СберБанк,Хабаровск,"ул. Большая, 118"
Банк ВТБ,Хабаровск,"ул. Бойко-Павлова, д. 3"
Банк «Открытие»,Хабаровск,"ул. Бойко-Павлова, д. 2"
СберБанк,Хабаровск,"ул. Бойко-Павлова, 2"
Приморье,Владивосток,"ул. Бестужева, д. 31"
Дальневосточный банк,Владивосток,"ул. Бестужева, д. 31"
Россельхозбанк,Владивосток,"ул. Бестужева, д. 23"
Альфа-Банк,Владивосток,"ул. Бестужева, 31"
СберБанк,Владивосток,"ул. Березовая, д. 25, стр. 2"
Промсвязьбанк,Владивосток,"ул. Березовая, д. 25"
Дальневосточный банк,Владивосток,"ул. Березовая, д. 25"
Банк ВТБ,Владивосток,"ул. Березовая, д. 25"
СберБанк,Хабаровск,"ул. Белорусская, д. 39"
СберБанк,Хабаровск,"ул. Батуевская Ветка, д. 20"
Банк ВТБ,Хабаровск,"ул. Батуевская Ветка, д. 20"
Банк «Открытие»,Хабаровск,"ул. Батуевская ветка, д. 20"
Приморье,Владивосток,"ул. Баляева, д. 62"
Московский Областной Банк,Владивосток,"ул. Баляева, д. 35"
Газпромбанк,Владивосток,"ул. Баляева, д. 35"
СберБанк,Владивосток,"ул. Баляева, 35"
СберБанк,Владивосток,"ул. Балтийская, 43"
СберБанк,Хабаровск,"ул. Архангельская, д. 27а"
Банк ВТБ,Хабаровск,"ул. Армавирская, д. 1"
Росбанк,Владивосток,"ул. Анны Щетининой, д. 21"
Примсоцбанк,Владивосток,"ул. Анны Щетининой, д. 21"
Газпромбанк,Владивосток,"ул. Анны Щетининой, д. 21"
Банк ВТБ,Владивосток,"ул. Анны Щетининой, д. 21"
СберБанк,Владивосток,"ул. Анны Щетининой, 21"
Банк ВТБ,Владивосток,"ул. Амурская, д. 88"
Приморье,Владивосток,"ул. Алеутская, д. 57"
Банк ВТБ,Владивосток,"ул. Алеутская, д. 4"
Почта Банк,Владивосток,"ул. Алеутская, д. 28"
Банк ВТБ,Владивосток,"ул. Алеутская, д. 2"
Банк ВТБ,Владивосток,"ул. Алеутская, д. 15"
Промсвязьбанк,Владивосток,"ул. Алеутская, д. 14"
Примсоцбанк,Владивосток,"ул. Алеутская, д. 11"
Дальневосточный банк,Владивосток,"ул. Алеутская, д. 11"
Почта Банк,Хабаровск,"ул. Аксенова, д. 24"
СберБанк,Владивосток,"ул. Адмирала Юмашева, д. 7, стр. Б"
Примсоцбанк,Владивосток,"ул. Адмирала Юмашева, д. 7 Б"
Газпромбанк,Владивосток,"ул. Адмирала Юмашева, д. 7 Б"
Восточный Банк,Владивосток,"ул. Адмирала Юмашева, д. 4"
Приморье,Владивосток,"ул. Адмирала Юмашева, д. 19"
Дальневосточный банк,Владивосток,"ул. Адмирала Юмашева, д. 19"
Приморье,Владивосток,"ул. Адмирала Фокина, д. 4"
Солид Банк,Владивосток,"ул. Адмирала Фокина, д. 25"
Азиатско-Тихоокеанский Банк,Владивосток,"ул. Адмирала Фокина, д. 20"
СберБанк,Хабаровск,"ул. Автобусная, 2"
Приморье,Владивосток,"ул. Авроровская, д. 10"
Дальневосточный банк,Владивосток,"ул. 5-я Проходная, д. 15"
Россельхозбанк,Владивосток,"ул. 40 лет ВЛКСМ, д. 14"
ББР Банк,Владивосток,"ул. 3-я Шоссейная, д. 21"
Дальневосточный банк,Владивосток,"ул. 2-я Шоссейная, д. 1"
Приморье,Владивосток,"ул. 1-я Морская, д. 8"
Примсоцбанк,Владивосток,"ул. 1-я Морская, д. 2"
Альфа-Банк,Хабаровск,"Тихоокеанская ул., 158А"
Альфа-Банк,Владивосток,"Семеновская ул., 26"
Альфа-Банк,Владивосток,"Русская ул., 19В"
Примсоцбанк,Владивосток,"пр-кт. Партизанский, д. 44"
Почта Банк,Владивосток,"пр-кт. Партизанский, д. 19"
Восточный Банк,Владивосток,"пр-кт. Партизанский, д. 19"
Совкомбанк,Владивосток,"пр-кт. Острякова, д. 9"
Банк ВТБ,Владивосток,"пр-кт. Острякова, д. 8"
СберБанк,Владивосток,"пр-кт. Острякова, д. 5г"
Росбанк,Владивосток,"пр-кт. Острякова, д. 27"
Азиатско-Тихоокеанский Банк,Владивосток,"пр-кт. Острякова, д. 24"
Приморье,Владивосток,"пр-кт. Острякова, д. 2 Б"
Московский Областной Банк,Владивосток,"пр-кт. Острякова, д. 13"
Дальневосточный банк,Владивосток,"пр-кт. Острякова, д. 13"
Московский Областной Банк,Владивосток,"пр-кт. Острякова, д. 11"
СберБанк,Владивосток,"пр-кт. Острякова, 5, стр. Г"
СберБанк,Владивосток,"пр-кт. Острякова, 13"
Банк ВТБ,Владивосток,"пр-кт. Океанский, д. 98а"
Приморье,Владивосток,"пр-кт. Океанский, д. 98"
СберБанк,Владивосток,"пр-кт. Океанский, д. 52а"
Росбанк,Владивосток,"пр-кт. Океанский, д. 52а"
Промсвязьбанк,Владивосток,"пр-кт. Океанский, д. 52а"
Газпромбанк,Владивосток,"пр-кт. Океанский, д. 52а"
Банк ВТБ,Владивосток,"пр-кт. Океанский, д. 52а"
СберБанк,Владивосток,"пр-кт. Океанский, д. 52 А"
Дальневосточный банк,Владивосток,"пр-кт. Океанский, д. 48а"
Дальневосточный банк,Владивосток,"пр-кт. Океанский, д. 48а"
Восточный Банк,Владивосток,"пр-кт. Океанский, д. 34"
Россельхозбанк,Владивосток,"пр-кт. Океанский, д. 26, стр. 1"
Примтеркомбанк,Владивосток,"пр-кт. Океанский, д. 24"
Примсоцбанк,Владивосток,"пр-кт. Океанский, д. 20"
Дальневосточный банк,Владивосток,"пр-кт. Океанский, д. 17"
Банк «Открытие»,Владивосток,"пр-кт. Океанский, д. 17"
Алмазэргиэнбанк,Владивосток,"пр-кт. Океанский, д. 17"
Примсоцбанк,Владивосток,"пр-кт. Океанский, д. 16"
Русский Стандарт,Владивосток,"пр-кт. Океанский, д. 13а"
Восточный Банк,Владивосток,"пр-кт. Океанский, д. 138"
Промсвязьбанк,Владивосток,"пр-кт. Океанский, д. 131в"
ББР Банк,Владивосток,"пр-кт. Океанский, д. 131в"
Банк «Открытие»,Владивосток,"пр-кт. Океанский, д. 123 Б"
Хоум Кредит Банк,Владивосток,"пр-кт. Океанский, д. 12"
Росбанк,Владивосток,"пр-кт. Океанский, д. 111"
Примсоцбанк,Владивосток,"пр-кт. Океанский, д. 111"
Приморье,Владивосток,"пр-кт. Океанский, д. 111"
СберБанк,Владивосток,"пр-кт. Океанский, д. 110а"
Газпромбанк,Владивосток,"пр-кт. Океанский, д. 108"
Восточный Банк,Владивосток,"пр-кт. Океанский, д. 1"
СберБанк,Владивосток,"пр-кт. Океанский, 18"
СберБанк,Владивосток,"пр-кт. Океанский, 17"
СберБанк,Владивосток,"пр-кт. Океанский, 110 А"
Дальневосточный банк,Владивосток,"пр-кт. Народный, д. 9, стр. 6"
Приморье,Владивосток,"пр-кт. Народный, д. 43/2"
Газпромбанк,Владивосток,"пр-кт. Народный, д. 28, стр. 4"
Муниципальный Камчатпрофитбанк,Владивосток,"пр-кт. Народный, д. 28"
Дальневосточный банк,Владивосток,"пр-кт. Народный, д. 28"
Роял Кредит Банк,Владивосток,"пр-кт. Народный, д. 20"
Восточный Банк,Владивосток,"пр-кт. Народный, д. 19"
СберБанк,Владивосток,"пр-кт. Народный, 28"
СберБанк,Владивосток,"пр-кт. Народный, 17"
Росбанк,Владивосток,"пр-кт. Красного Знамени, д. 91"
СберБанк,Владивосток,"пр-кт. Красного Знамени, д. 86а"
Приморье,Владивосток,"пр-кт. Красного Знамени, д. 86а"
Газпромбанк,Владивосток,"пр-кт. Красного Знамени, д. 86а"
Московский Областной Банк,Владивосток,"пр-кт. Красного Знамени, д. 82"
Дальневосточный банк,Владивосток,"пр-кт. Красного Знамени, д. 82"
Роял Кредит Банк,Владивосток,"пр-кт. Красного Знамени, д. 78"
Дальневосточный банк,Владивосток,"пр-кт. Красного Знамени, д. 57"
Газпромбанк,Владивосток,"пр-кт. Красного Знамени, д. 57"
Банк ВТБ,Владивосток,"пр-кт. Красного Знамени, д. 57"
Приморье,Владивосток,"пр-кт. Красного Знамени, д. 123д"
Примсоцбанк,Владивосток,"пр-кт. Красного Знамени, д. 121"
СберБанк,Владивосток,"пр-кт. Красного Знамени, 59"
СберБанк,Владивосток,"пр-кт. Красного Знамени, 57"
Совкомбанк,Хабаровск,"пр-кт. 60-летия Октября, д. 84"
Восточный Банк,Хабаровск,"пр-кт. 60-летия Октября, д. 82"
Банк ВТБ,Хабаровск,"пр-кт. 60-летия Октября, д. 67"
Дальневосточный банк,Хабаровск,"пр-кт. 60-летия Октября, д. 206"
СберБанк,Хабаровск,"пр-кт. 60-летия Октября, д. 162"
СберБанк,Хабаровск,"пр-кт. 60-летия Октября, д. 158, корп. 1"
Банк ВТБ,Хабаровск,"пр-кт. 60-летия Октября, д. 156"
Банк «Открытие»,Хабаровск,"пр-кт. 60-летия Октября, д. 156"
Банк ВТБ,Хабаровск,"пр-кт. 60-летия Октября, д. 100"
СберБанк,Хабаровск,"пр-кт. 60-летия Октября, 90"
СберБанк,Хабаровск,"пр-кт. 60-летия Октября, 67"
СберБанк,Хабаровск,"пр-кт. 60-летия Октября, 156"
Банк ВТБ,Хабаровск,пр-кт. 60-летия Октября
МТС Банк,Хабаровск,"пр-кт. 60 лет Октября, д. 137а"
ББР Банк,Владивосток,"пр-кт. 100-летия Владивостока, д. 88"
Росбанк,Владивосток,"пр-кт. 100-летия Владивостока, д. 68"
Промсвязьбанк,Владивосток,"пр-кт. 100-летия Владивостока, д. 68"
Дальневосточный банк,Владивосток,"пр-кт. 100-летия Владивостока, д. 68"
Газпромбанк,Владивосток,"пр-кт. 100-летия Владивостока, д. 68"
Банк ВТБ,Владивосток,"пр-кт. 100-летия Владивостока, д. 68"
МТС Банк,Владивосток,"пр-кт. 100-летия Владивостока, д. 57д"
СберБанк,Владивосток,"пр-кт. 100-летия Владивостока, д. 57г"
Росбанк,Владивосток,"пр-кт. 100-летия Владивостока, д. 57г"
Банк ВТБ,Владивосток,"пр-кт. 100-летия Владивостока, д. 57г"
Банк «Открытие»,Владивосток,"пр-кт. 100-летия Владивостока, д. 57г"
Почта Банк,Владивосток,"пр-кт. 100-летия Владивостока, д. 54"
СберБанк,Владивосток,"пр-кт. 100-летия Владивостока, д. 52в"
Восточный Банк,Владивосток,"пр-кт. 100-летия Владивостока, д. 52"
Роял Кредит Банк,Владивосток,"пр-кт. 100-летия Владивостока, д. 47"
Примсоцбанк,Владивосток,"пр-кт. 100-летия Владивостока, д. 46"
Почта Банк,Владивосток,"пр-кт. 100-летия Владивостока, д. 45"
Промсвязьбанк,Владивосток,"пр-кт. 100-летия Владивостока, д. 42а"
Приморье,Владивосток,"пр-кт. 100-летия Владивостока, д. 42а"
Московский Областной Банк,Владивосток,"пр-кт. 100-летия Владивостока, д. 42а"
Дальневосточный банк,Владивосток,"пр-кт. 100-летия Владивостока, д. 42а"
Росбанк,Владивосток,"пр-кт. 100-летия Владивостока, д. 40"
Дальневосточный банк,Владивосток,"пр-кт. 100-летия Владивостока, д. 40"
Газпромбанк,Владивосток,"пр-кт. 100-летия Владивостока, д. 40"
Банк ВТБ,Владивосток,"пр-кт. 100-летия Владивостока, д. 40"
Азиатско-Тихоокеанский Банк,Владивосток,"пр-кт. 100-летия Владивостока, д. 40"
Восточный Банк,Владивосток,"пр-кт. 100-летия Владивостока, д. 39"
Авангард,Владивосток,"пр-кт. 100-летия Владивостока, д. 38"
Росбанк,Владивосток,"пр-кт. 100-летия Владивостока, д. 37а"
Совкомбанк,Владивосток,"пр-кт. 100-летия Владивостока, д. 36"
Приморье,Владивосток,"пр-кт. 100-летия Владивостока, д. 159"
Приморье,Владивосток,"пр-кт. 100-летия Владивостока, д. 159"
СберБанк,Владивосток,"пр-кт. 100-летия Владивостока, д. 155"
Роял Кредит Банк,Владивосток,"пр-кт. 100-летия Владивостока, д. 155"
СберБанк,Владивосток,"пр-кт. 100-летия Владивостока, д. 150в"
Примсоцбанк,Владивосток,"пр-кт. 100-летия Владивостока, д. 150в"
Приморье,Владивосток,"пр-кт. 100-летия Владивостока, д. 150в"
Газпромбанк,Владивосток,"пр-кт. 100-летия Владивостока, д. 150в"
Банк «Открытие»,Владивосток,"пр-кт. 100-летия Владивостока, д. 150в"
Росбанк,Владивосток,"пр-кт. 100-летия Владивостока, д. 150"
Банк ВТБ,Владивосток,"пр-кт. 100-летия Владивостока, д. 150"
Примсоцбанк,Владивосток,"пр-кт. 100-летия Владивостока, д. 143г"
Приморье,Владивосток,"пр-кт. 100-летия Владивостока, д. 124а"
СберБанк,Владивосток,"пр-кт. 100-летия Владивостока, д. 106 Б"
Московский Областной Банк,Владивосток,"пр-кт. 100-летия Владивостока, д. 103"
СберБанк,Владивосток,"пр-кт. 100-летия Владивостока, 64"
Альфа-Банк,Владивосток,"пр-кт. 100-летия Владивостока, 51"
СберБанк,Владивосток,"пр-кт. 100-летия Владивостока, 40"
СберБанк,Владивосток,"пр-кт. 100-летия Владивостока, 40"
Альфа-Банк,Владивосток,"пр-кт. 100-летия Владивостока, 155"
СберБанк,Владивосток,"пр-кт. 100-летия Владивостока, 150, стр. В"
СберБанк,Владивосток,пр-кт. 100-летия Владивостока 68
СберБанк,Владивосток,пр-кт. 100-летия Владивостока 52 В
Примсоцбанк,Владивосток,"пр-кт. 100-лет Владивостока, д. 57г"
Альфа-Банк,Владивосток,"пр-кт Красного Знамени, 57"
Альфа-Банк,Хабаровск,"пр-кт 60-летия Октября, 162 с. 1"
Альфа-Банк,Хабаровск,"пр-кт 60 лет Октября, 156, литер А"
Альфа-Банк,Владивосток,"пр-кт 100 лет Владивостоку, 40"
Росбанк,Хабаровск,"пер. Топографический, д. 12"
СберБанк,Хабаровск,"пер. Сормовский, 1"
Дальневосточный банк,Владивосток,"пер. Павленко, д. 6"
Почта Банк,Хабаровск,"пер. Ленинградский, д. 13"
Банк ДОМ.РФ,Владивосток,"пер. Краснознаменный, д. 5в"
СберБанк,Хабаровск,"пер. Краснодарский, д. 1"
Газпромбанк,Владивосток,"пер. Камский, д. 6"
СберБанк,Хабаровск,"пер. Донской, 5"
Восточный Банк,Хабаровск,"п. Березовка, ул. Сергеевская, д. 9"
Альфа-Банк,Владивосток,"Океанский пр-кт, 98А"
Альфа-Банк,Владивосток,"Океанский пр-кт, 52А"
Альфа-Банк,Владивосток,"Окатовая ул., 28"
Газпромбанк,Владивосток,"наб. Корабельная, д. 4"
Альфа-Банк,Хабаровск,"Молодежная ул., 21"
Альфа-Банк,Владивосток,"Луговая ул., 91"
Банк ВТБ,Хабаровск,"Ленинградская, д. 58"
Альфа-Банк,Хабаровск,"Ленинградская ул., 28И"
Совкомбанк,Хабаровск,"квартал ДОС (Большой Аэродром), д. 51"
Росбанк,Хабаровск,"квартал ДОС (Большой Аэродром), д. 51"
МТС Банк,Хабаровск,"квартал ДОС (Большой Аэродром), д. 51"
Банк ВТБ,Хабаровск,"квартал ДОС (Большой Аэродром), д. 41"
СберБанк,Хабаровск,"квартал ДОС (Большой Аэродром), д. 51"
СберБанк,Хабаровск,"квартал ДОС (Большой Аэродром), д. 35"
СберБанк,Хабаровск,"квартал 70-летия Октября, д. 5"
Почта Банк,Хабаровск,"ДОС, д. 35"
Дальневосточный банк,Владивосток,"бух. Якорная, д. 7"
ББР Банк,Хабаровск,"бул. Уссурийский, д. 9"
МТС Банк,Хабаровск,"бул. Уссурийский, д. 6"
Банк ВТБ,Хабаровск,"бул. Уссурийский, д. 58"
Банк «Открытие»,Хабаровск,"бул. Уссурийский, д. 24"
Азиатско-Тихоокеанский Банк,Хабаровск,"бул. Уссурийский, д. 24"
Альфа-Банк,Владивосток,"Артековская ул., 10"
Дальневосточный банк,Владивосток,"8-я улица, д. 35"
Примсоцбанк,Владивосток,"44-й причал, д. 1"
